stock_code,prev_close
005930,299000.0
000660,2101000.0
402340,1228000.0
005935,193500.0
009150,1805000.0
005380,597000.0
373220,384500.0
032830,365000.0
329180,646000.0
028260,410000.0
000270,156000.0
207940,1286000.0
034020,88600.0
105560,151500.0
012450,1014000.0
012330,576000.0
055550,96900.0
034730,575000.0
006400,498500.0
267260,1033000.0
068270,166200.0
066570,226000.0
035420,224000.0
010120,229500.0
042660,104500.0
086790,114800.0
298040,3246000.0
000810,663000.0
005490,358000.0
006800,51100.0
042700,291000.0
009540,375500.0
000150,1621000.0
011070,1072000.0
010130,1164000.0
015760,35900.0
010140,25300.0
051910,316500.0
316140,30150.0
017670,100000.0
064350,188400.0
267250,245500.0
033780,185100.0
307950,710000.0
138040,106000.0
018260,229500.0
011200,18850.0
096770,103200.0
035720,39300.0
079550,764000.0
024110,20950.0
272210,88600.0
003670,184700.0
003550,107500.0
278470,410500.0
086280,195800.0
030200,60000.0
000720,122700.0
047810,141900.0
071050,230000.0
010950,113100.0
006260,373500.0
443060,245500.0
323410,23400.0
005940,31200.0
259960,233000.0
0126Z0,434000.0
047050,58100.0
016360,111800.0
352820,218000.0
005830,140000.0
003490,24800.0
039490,341500.0
007660,123200.0
064400,93000.0
028050,45550.0
003230,1176000.0
161390,71100.0
000880,117600.0
047040,20450.0
005387,235500.0
180640,118400.0
353200,156800.0
001440,36950.0
454910,109300.0
326030,88500.0
267270,143100.0
000990,155200.0
078930,71700.0
004170,714000.0
090430,111800.0
011790,140000.0
062040,213000.0
021240,92000.0
009830,36950.0
034220,12850.0
032640,15390.0
241560,64400.0
000100,76400.0
377300,44800.0
023530,202000.0
036570,260000.0
005385,234500.0
029780,47150.0
271560,138100.0
138930,16820.0
128940,411000.0
088980,10930.0
000500,324000.0
010060,283500.0
001040,173000.0
066970,125800.0
175330,26000.0
336260,70500.0
052690,116400.0
018880,4230.0
002380,490500.0
004020,32150.0
082740,50100.0
088350,4750.0
085620,29350.0
022100,27100.0
069960,187100.0
103590,77800.0
450080,52700.0
051900,238500.0
111770,80800.0
489790,70300.0
012510,120000.0
251270,43050.0
036460,35750.0
007810,139200.0
001450,37800.0
035250,15600.0
383220,83200.0
011170,76000.0
014680,296000.0
031210,44600.0
017800,79400.0
302440,39350.0
011780,119700.0
004800,176900.0
005850,64900.0
097950,194700.0
012750,76700.0
139130,18320.0
001720,169300.0
028670,4995.0
009420,53000.0
375500,70200.0
483650,211000.0
004990,26650.0
279570,6220.0
026960,25450.0
020150,47950.0
000240,25850.0
139480,88400.0
003690,13490.0
009970,185300.0
204320,50000.0
001740,11670.0
007340,39950.0
081660,43900.0
457190,79200.0
004370,375000.0
439260,60000.0
282330,128000.0
051600,49300.0
030000,19310.0
006360,26200.0
000155,555000.0
008770,55700.0
120110,71900.0
071970,62300.0
005440,13260.0
018670,224500.0
161890,86100.0
008930,29800.0
007070,23750.0
103140,69900.0
011210,71600.0
192820,165900.0
097230,20800.0
00680K,13900.0
395400,6020.0
002790,24550.0
462870,30750.0
000120,79800.0
229640,58000.0
001800,27950.0
322000,153000.0
112610,40550.0
093370,15770.0
001430,46350.0
023590,38500.0
009155,570000.0
017960,31250.0
192080,74600.0
001120,40000.0
281820,76400.0
361610,20500.0
032350,18090.0
006280,124200.0
006040,32300.0
020560,6820.0
001820,133300.0
005070,42850.0
069620,120300.0
003540,28600.0
475150,40550.0
298020,324500.0
034230,14760.0
195870,80900.0
003570,40650.0
007310,340000.0
066575,77300.0
181710,40100.0
294870,19340.0
073240,4520.0
077970,31650.0
004000,48850.0
415640,9900.0
030610,10790.0
000815,406500.0
012630,19860.0
003530,5480.0
082640,7400.0
000080,16430.0
051915,146000.0
330590,3735.0
089860,30600.0
000210,52000.0
003090,18050.0
300720,13930.0
499790,50800.0
003240,902000.0
009450,68900.0
456040,106100.0
280360,105000.0
005300,101400.0
100090,15220.0
192400,26000.0
057050,78700.0
185750,69800.0
071055,161200.0
365550,3665.0
003470,4795.0
006110,60000.0
451800,5020.0
248070,18170.0
030190,14740.0
137310,7140.0
075580,14890.0
298050,194400.0
090460,25450.0
000670,46600.0
005690,13810.0
036530,51400.0
214320,20600.0
003160,29200.0
336370,11190.0
071320,70100.0
00088K,40200.0
006120,44800.0
108320,48650.0
025540,76100.0
006650,120900.0
006340,10000.0
009240,32300.0
064960,28900.0
010780,24600.0
114090,12310.0
033240,35000.0
005090,52200.0
285130,44550.0
000370,6250.0
079160,4430.0
079900,50700.0
003850,8400.0
004490,52100.0
00104K,160000.0
002350,6940.0
293940,5400.0
100840,32950.0
178920,22700.0
001510,2880.0
002020,51600.0
484870,72000.0
002960,494000.0
007700,16600.0
069260,16060.0
093050,22000.0
001570,9900.0
317450,43300.0
005880,1946.0
006380,3660.0
003620,3100.0
005180,67300.0
001680,17810.0
008060,19620.0
001270,58100.0
001060,26500.0
014820,21450.0
383800,7890.0
002840,127400.0
249420,18570.0
000400,1864.0
017940,84900.0
016380,5820.0
453340,17220.0
003030,134000.0
001500,8880.0
000640,82400.0
094800,5760.0
039130,34500.0
268280,104900.0
058650,124700.0
017900,9090.0
009410,1745.0
005389,224000.0
217590,22250.0
005810,35550.0
003545,20050.0
005250,11350.0
003300,16240.0
284740,22550.0
161000,10470.0
031430,14490.0
448730,5430.0
452260,2540.0
377740,4810.0
002240,18130.0
020000,22200.0
014830,73000.0
019170,9010.0
004710,11540.0
001530,22450.0
006220,12270.0
005945,24350.0
005420,12270.0
034310,12380.0
145990,43700.0
460860,9130.0
271940,12300.0
003280,1851.0
016610,10350.0
004690,120000.0
000070,55000.0
008730,17700.0
001200,4395.0
003000,4325.0
009900,7970.0
403550,11200.0
029530,42600.0
011930,20200.0
072710,90300.0
381970,8520.0
417310,10220.0
130660,12620.0
015360,14870.0
004700,60800.0
002030,193300.0
002810,21550.0
306200,139000.0
000157,439500.0
950210,6540.0
145720,44650.0
027410,4070.0
012030,1910.0
016590,9450.0
005950,15220.0
017810,9830.0
006405,239500.0
010820,7660.0
060980,41000.0
097520,21200.0
092200,9800.0
357120,3795.0
090435,35300.0
0120G0,49400.0
092790,13850.0
092230,83000.0
105840,17550.0
170900,36800.0
010690,9970.0
005610,40400.0
183190,9550.0
344820,21950.0
126720,23950.0
029460,31450.0
194370,11700.0
105630,8490.0
089590,4150.0
001940,23250.0
015860,6720.0
126560,3035.0
011760,24500.0
02826K,216500.0
192650,4515.0
002710,11940.0
005720,6100.0
009290,6280.0
200880,11590.0
104700,8520.0
000430,4945.0
058430,5190.0
016800,27950.0
018250,11700.0
025860,6230.0
091810,740.0
034830,1210.0
001390,4505.0
123890,2395.0
084690,8250.0
002310,7580.0
286940,19560.0
009160,4535.0
007690,31450.0
033270,18250.0
108670,32200.0
404990,4205.0
084010,8240.0
001230,1817.0
001750,22000.0
037710,36550.0
078520,10880.0
003720,8210.0
024720,8190.0
096760,3775.0
000650,195700.0
272450,5270.0
900140,1410.0
017390,54900.0
017860,14950.0
003920,44600.0
003120,19600.0
005680,13120.0
004360,13490.0
005010,4590.0
122900,7630.0
001340,5710.0
002900,6120.0
005430,79200.0
005500,18890.0
004430,10300.0
003200,10670.0
026890,6590.0
002320,16060.0
011500,15890.0
000680,3060.0
475560,16040.0
334890,3350.0
037270,3740.0
0030R0,3950.0
001250,2835.0
348950,1182.0
001460,35900.0
000540,3655.0
128820,5180.0
003960,25050.0
088260,3700.0
003070,9100.0
432320,1512.0
010580,2090.0
034120,12290.0
000320,17250.0
241590,3735.0
000050,8180.0
003520,1241.0
044450,9610.0
244920,9870.0
000480,4750.0
033920,7790.0
136490,9250.0
134380,10000.0
009680,9940.0
025000,50000.0
010955,53300.0
003650,124900.0
000490,7490.0
210980,11500.0
051905,101000.0
030210,3510.0
035150,10620.0
006805,15160.0
008490,18140.0
035510,14940.0
226320,9720.0
053210,4375.0
003220,9240.0
001790,2410.0
007160,42150.0
009470,31150.0
001630,40850.0
013890,9360.0
003555,69300.0
039570,7780.0
03473K,380000.0
025560,39200.0
339770,4000.0
004980,8020.0
028100,14900.0
377190,2260.0
007860,8310.0
117580,7080.0
095570,4355.0
053690,17780.0
001130,11410.0
102260,3820.0
003547,19360.0
016580,10200.0
004560,12510.0
003610,5210.0
000140,8050.0
487570,50200.0
100250,2945.0
001780,1925.0
298690,1585.0
003350,8220.0
004310,5730.0
033530,6580.0
102460,9900.0
002100,9080.0
004380,8610.0
000390,6530.0
234080,11180.0
013580,19560.0
084680,1218.0
000300,4200.0
016450,4300.0
003460,3060.0
037560,2210.0
044820,17790.0
001080,4040.0
031440,44200.0
002150,5000.0
012610,4080.0
462520,14210.0
001045,73000.0
000860,12900.0
400760,3005.0
015230,6020.0
101530,5590.0
097955,121500.0
092220,4010.0
090350,7810.0
008350,1235.0
012200,5910.0
011785,52100.0
293480,8900.0
007570,8200.0
011690,4270.0
071840,6590.0
016880,1915.0
004090,12160.0
460850,5080.0
000520,7090.0
002220,5740.0
077500,7170.0
003830,114300.0
006060,2735.0
000970,6680.0
002170,49500.0
025820,4515.0
213500,6320.0
000020,5310.0
298000,38900.0
271980,10150.0
00279K,20600.0
000700,5560.0
004970,9090.0
081000,10200.0
017550,2280.0
003480,4940.0
004150,3515.0
008970,1350.0
018470,1103.0
094280,12050.0
005960,6040.0
002990,3700.0
015890,4685.0
011280,1922.0
210540,12250.0
107590,57200.0
001520,556.0
272550,8890.0
317400,3415.0
004080,13770.0
214420,5440.0
078000,13980.0
350520,3445.0
009070,4245.0
002780,874.0
089470,4015.0
001360,1340.0
002460,12180.0
024090,10990.0
214390,5260.0
016740,4355.0
019180,6880.0
009270,1083.0
008040,878.0
079430,6170.0
014710,7150.0
007540,42550.0
020120,3250.0
035000,7440.0
013520,2425.0
014280,4095.0
004960,10230.0
267290,20150.0
027970,620.0
070960,2470.0
021820,11810.0
005800,12890.0
014530,3310.0
012320,48850.0
012800,1250.0
002450,1253.0
034590,25950.0
004250,3120.0
016710,7080.0
025620,6310.0
015590,2070.0
004100,3030.0
009580,1775.0
002620,7100.0
010100,3660.0
011810,3530.0
227840,12000.0
120030,87000.0
083420,4545.0
014580,3965.0
123690,6710.0
002390,7800.0
33626K,7840.0
084670,36150.0
248170,22900.0
264900,8030.0
267850,9190.0
119650,918.0
007210,1534.0
023450,29000.0
013570,3805.0
001290,893.0
058850,2355.0
007610,5480.0
067830,2375.0
014790,2510.0
036580,2570.0
008700,1235.0
019680,1137.0
002210,973.0
032560,5450.0
001275,30900.0
078935,52500.0
004140,1927.0
006660,11230.0
014440,4535.0
023800,5660.0
058860,2585.0
014160,813.0
023000,2250.0
37550L,42800.0
363280,1940.0
004890,36400.0
011700,2685.0
163560,6170.0
017370,4580.0
036420,4440.0
063160,15590.0
008260,2960.0
011000,918.0
005740,5710.0
006840,6320.0
004840,4320.0
139990,2130.0
002200,2500.0
009190,1875.0
000590,72700.0
002600,137400.0
055490,17110.0
007980,1746.0
001020,2265.0
000230,7000.0
109070,1512.0
001470,347.0
007110,1028.0
007590,5820.0
002700,1128.0
111380,12900.0
005870,5580.0
009180,2750.0
007815,26000.0
006090,8190.0
000105,63800.0
096775,60300.0
013870,3925.0
010960,3125.0
003580,1459.0
095720,1307.0
069730,5170.0
006890,6380.0
011150,2035.0
001560,9800.0
002720,3455.0
005750,4395.0
001260,7300.0
000850,32300.0
031820,5950.0
004720,3120.0
35320K,33650.0
000180,5040.0
100220,5370.0
007460,3095.0
085310,9350.0
003780,5300.0
101140,6800.0
120115,25050.0
016090,1541.0
079980,1975.0
338100,3635.0
002795,10680.0
003925,33750.0
013700,1121.0
068290,6620.0
155660,4160.0
072130,5100.0
007280,2140.0
000220,3855.0
018500,1446.0
013360,1202.0
009770,25550.0
010770,4310.0
010040,1507.0
010660,2820.0
006880,5200.0
024900,1871.0
012690,1669.0
071090,3010.0
009200,1462.0
003010,4700.0
004540,1610.0
396690,1484.0
004060,2940.0
004440,4645.0
111110,6510.0
004770,1646.0
002630,978.0
129260,1951.0
075180,3025.0
378850,3025.0
092780,4325.0
004830,3600.0
000725,52300.0
006980,17510.0
092440,1888.0
372910,1966.0
002760,914.0
001550,10390.0
001620,2375.0
001465,24900.0
005305,69300.0
004450,24950.0
009835,20850.0
214330,2555.0
021050,1122.0
002410,1935.0
006370,4975.0
004920,980.0
023810,5290.0
480370,1630.0
003475,4065.0
020760,902.0
025530,3415.0
058730,2560.0
003465,2895.0
123700,3245.0
041650,2290.0
002140,1970.0
008420,2265.0
37550K,22800.0
000910,3100.0
090080,860.0
051630,2270.0
023350,4360.0
011390,44800.0
069460,2660.0
006125,37350.0
357250,1844.0
014910,2100.0
28513K,22450.0
004910,3500.0
009320,910.0
047400,1080.0
005030,486.0
074610,5110.0
000950,26650.0
003080,2225.0
006490,297.0
002920,1664.0
017180,1267.0
011230,2200.0
027740,1340.0
093240,686.0
019490,541.0
009140,26500.0
012280,840.0
017040,932.0
004410,1017.0
008870,40050.0
133820,1071.0
011300,2495.0
026940,1931.0
084870,1875.0
000215,22800.0
011420,1369.0
013000,1326.0
005320,1110.0
481850,870.0
049800,1860.0
002880,796.0
010640,2200.0
023960,944.0
003060,2500.0
134790,18400.0
011330,396.0
014990,480.0
145270,750.0
000890,1317.0
007120,1241.0
000760,12530.0
004365,9320.0
002420,5550.0
003535,6800.0
001380,1433.0
002870,917.0
088790,2535.0
005820,13600.0
023150,4225.0
308170,3695.0
001210,493.0
33637K,1791.0
001070,5950.0
004870,267.0
025750,1880.0
071950,2455.0
012160,376.0
000040,340.0
008250,2635.0
009810,1889.0
006570,1900.0
003680,4535.0
024070,1832.0
030720,5980.0
010400,3670.0
019175,13790.0
033250,4310.0
002025,23950.0
009460,2265.0
002690,1326.0
090370,1077.0
014130,2250.0
005110,1254.0
006740,5550.0
143210,1199.0
006345,10350.0
33626L,8660.0
004270,7100.0
002355,3930.0
005360,1305.0
015260,525.0
118000,1461.0
446070,2275.0
465770,3380.0
008775,32300.0
002820,1915.0
003495,21400.0
009310,5330.0
069640,986.0
024890,2790.0
006200,2375.0
002360,2030.0
012170,1044.0
025890,1944.0
357430,675.0
015020,928.0
001685,14400.0
00499K,24300.0
044380,1437.0
008600,2620.0
009440,756.0
001420,2270.0
005257,20450.0
00781K,21850.0
011090,1380.0
002070,6900.0
108675,15820.0
001770,13290.0
005725,4300.0
45226K,5310.0
18064K,28500.0
000087,12820.0
00806K,11950.0
019685,724.0
001795,2095.0
004105,3650.0
084695,12880.0
001755,23500.0
38380K,7810.0
145995,30950.0
004255,2040.0
012205,8950.0
001515,5100.0
001067,45500.0
003075,13510.0
145210,224.0
33637L,2400.0
000225,3705.0
204210,971.0
004985,10240.0
004835,5190.0
001065,21500.0
000325,27450.0
26490K,8060.0
009415,8360.0
090355,11010.0
008500,752.0
000545,6080.0
000145,9400.0
014825,14290.0
005965,16200.0
014285,6150.0
005745,5910.0
36328K,3020.0
000227,10520.0
007575,7640.0
001527,7100.0
002995,11480.0
004545,8790.0
008355,10040.0
001525,4190.0
014915,4470.0
002785,3000.0
002787,8020.0
011155,9520.0
004415,7200.0
196170,347000.0
247540,164300.0
086520,108800.0
036930,245500.0
277810,605000.0
950160,103000.0
058470,99800.0
240810,141000.0
039030,504000.0
028300,47400.0
000250,263000.0
087010,237500.0
298380,93100.0
141080,134800.0
222800,133300.0
440110,99300.0
178320,74500.0
403870,55000.0
319400,40800.0
214370,82000.0
319660,149800.0
108490,286500.0
347850,94400.0
095340,190500.0
084370,178300.0
310210,207000.0
080220,97000.0
095610,170600.0
067310,47950.0
043260,45550.0
214150,46850.0
064760,277500.0
214450,288500.0
145020,245500.0
131290,260000.0
131970,152200.0
031980,133900.0
005290,55400.0
357780,355000.0
010170,17070.0
263750,41050.0
237690,123200.0
226950,124300.0
098460,34200.0
100790,42100.0
030530,28550.0
257720,35400.0
032820,13520.0
089030,61100.0
290650,84400.0
089970,85100.0
082920,45800.0
007390,32200.0
041510,88800.0
058610,91400.0
347700,38500.0
218410,74900.0
035900,54900.0
083650,62000.0
140410,62500.0
068760,42850.0
140860,264000.0
0009K0,27200.0
078600,117100.0
437730,52400.0
420770,147600.0
475830,71100.0
323280,51900.0
039200,40600.0
031330,15090.0
060370,29050.0
183300,139200.0
096530,28150.0
090710,11540.0
166090,67800.0
295310,109900.0
101490,63000.0
476830,92800.0
038500,11690.0
099320,113700.0
232140,14950.0
195940,41750.0
328130,16120.0
445680,69400.0
003380,10270.0
127120,32850.0
036540,6910.0
458870,29250.0
083450,60000.0
124500,43400.0
032500,26500.0
189300,104000.0
388210,111300.0
065350,40250.0
417200,16310.0
085660,11740.0
027360,8850.0
090360,106300.0
397030,43100.0
356860,106100.0
281740,15700.0
491000,40600.0
115180,26950.0
388720,83400.0
074600,36200.0
137400,39850.0
161580,41100.0
490470,26950.0
204270,16280.0
213420,37050.0
466100,36050.0
036830,43750.0
056190,25000.0
252990,14420.0
358570,13820.0
048410,9080.0
086450,18940.0
035760,38100.0
122870,44500.0
160190,25900.0
033100,50800.0
376900,50500.0
033790,9570.0
222080,10300.0
171090,77800.0
348370,34900.0
094170,37050.0
053610,84500.0
006730,11740.0
293490,8710.0
456160,46200.0
050890,12420.0
052020,11260.0
241710,70400.0
059090,22150.0
126340,103900.0
046890,13200.0
033640,31550.0
052400,49850.0
253450,24800.0
476060,15880.0
014620,27900.0
056080,18980.0
425420,57300.0
036810,31600.0
032190,18640.0
033160,28000.0
037460,41400.0
023160,26100.0
121600,55500.0
102710,46450.0
439960,19990.0
077360,14360.0
102940,49200.0
336570,7430.0
089890,37750.0
044490,31450.0
365340,51100.0
041830,46200.0
170920,57800.0
053800,56900.0
041960,8370.0
225570,9520.0
348210,58500.0
174900,29700.0
486990,27250.0
389470,44400.0
086900,83200.0
399720,50200.0
060250,14530.0
009520,14130.0
122640,27550.0
348340,45850.0
112040,17890.0
330860,47000.0
253590,13130.0
082270,12910.0
045100,31400.0
064290,44000.0
093320,114400.0
376300,23600.0
383310,27150.0
272290,27950.0
327260,65000.0
104830,43600.0
214430,73200.0
033500,18150.0
035890,2315.0
019210,14260.0
067160,45500.0
015750,6610.0
278280,42850.0
475960,38500.0
200710,37400.0
168360,23150.0
368770,15190.0
230360,16000.0
089010,29300.0
340570,59200.0
125490,12690.0
099190,16590.0
219130,74500.0
030520,19890.0
160980,43550.0
211050,9830.0
039440,29900.0
356680,16270.0
024850,13950.0
448900,77500.0
034950,100100.0
460930,13310.0
042000,19370.0
036620,5030.0
110990,23250.0
114810,15400.0
025980,4565.0
372320,28600.0
200470,10170.0
041190,5240.0
251970,35050.0
393890,12600.0
018290,12350.0
290550,21450.0
092190,9320.0
060280,10570.0
452280,22600.0
101160,25700.0
095660,19730.0
078350,26900.0
078160,10450.0
079940,31000.0
241770,39950.0
085910,29600.0
078130,3560.0
101930,8730.0
493280,26900.0
025320,4430.0
215200,38900.0
006910,7940.0
199800,44200.0
080580,18470.0
013030,33150.0
052710,27650.0
0011T0,8340.0
424870,4175.0
064260,5020.0
138080,30600.0
025900,7680.0
107640,41950.0
042520,25750.0
067630,2990.0
332570,7810.0
389500,55700.0
065680,39700.0
003800,32700.0
304360,29800.0
354320,56800.0
468530,33150.0
144960,8330.0
425040,16970.0
092870,27650.0
047920,10710.0
287840,23850.0
243070,29550.0
119850,21250.0
187660,6340.0
117730,15710.0
394280,13400.0
265520,23250.0
254490,24300.0
078020,6290.0
215600,2525.0
069540,3325.0
477850,20100.0
079370,11550.0
417840,15190.0
482630,15450.0
179900,17120.0
187870,24300.0
389650,40600.0
206650,9140.0
098070,30200.0
455900,21950.0
084110,26600.0
204620,4745.0
036200,10820.0
069080,10660.0
484590,7900.0
230240,24500.0
036890,15050.0
086390,15100.0
092460,18410.0
488900,11290.0
234340,22950.0
456010,22600.0
462350,15050.0
049070,18200.0
091700,6290.0
317330,15500.0
376270,42450.0
136480,2875.0
064820,9940.0
200670,27600.0
441270,7260.0
228760,12270.0
314930,10230.0
452430,36300.0
078340,25250.0
274090,21100.0
445090,27050.0
203650,2925.0
094360,13740.0
236200,42000.0
241520,10980.0
036800,28700.0
042370,10870.0
272110,35650.0
043150,19080.0
089980,17780.0
025770,7490.0
475400,24450.0
099430,4540.0
061970,4820.0
051500,23600.0
450950,7400.0
064850,24150.0
035810,4280.0
101730,3365.0
378340,12750.0
352480,20100.0
035600,9940.0
309710,21000.0
112290,13300.0
092730,16850.0
298830,5020.0
046970,6100.0
200130,9390.0
182400,3670.0
194700,14710.0
242040,7440.0
078150,2860.0
054950,22000.0
322310,28200.0
036170,4265.0
144510,16690.0
419530,26000.0
023410,3390.0
472850,4470.0
215000,43250.0
220100,11600.0
151860,5680.0
0082N0,19550.0
388790,8790.0
900290,3185.0
355150,33400.0
180400,2640.0
365270,11850.0
036710,4975.0
051360,17500.0
073490,33850.0
314130,5630.0
121800,3320.0
217730,2695.0
267980,33600.0
0001A0,10360.0
448280,8700.0
377460,4080.0
060720,10760.0
041920,13880.0
251370,14090.0
159010,18520.0
114190,9610.0
0008Z0,26000.0
950170,4805.0
058970,21100.0
478340,21750.0
318060,22400.0
017890,11570.0
043370,11860.0
065660,24650.0
389260,14020.0
053030,7820.0
084850,10580.0
061090,43300.0
459510,18760.0
098120,28750.0
125020,7020.0
014940,5240.0
357550,44000.0
082800,3925.0
046120,7010.0
394800,7440.0
065710,45750.0
023760,738.0
011560,23100.0
040350,11950.0
093520,19430.0
416180,25550.0
308430,17790.0
290690,4625.0
446540,8070.0
018000,894.0
307180,6180.0
439090,14090.0
108860,8780.0
094480,5910.0
382900,26250.0
019010,4650.0
206640,10390.0
100120,25000.0
036030,4610.0
243840,5840.0
053300,5430.0
474650,38250.0
091580,16730.0
190510,15690.0
049630,9160.0
054210,8690.0
294570,21650.0
115450,2430.0
095500,7100.0
067390,528.0
357880,4235.0
0015G0,18650.0
012860,2990.0
389020,31350.0
353810,6570.0
099440,3245.0
138610,18710.0
461300,16150.0
018310,14600.0
051370,9250.0
084990,4585.0
005710,10510.0
451760,13290.0
068930,7570.0
338840,13550.0
013120,2285.0
380540,8450.0
199820,9300.0
494120,27000.0
119610,17950.0
092070,17350.0
036190,32650.0
394420,18150.0
045390,2820.0
094820,13260.0
067080,10720.0
255220,1834.0
052330,11220.0
122990,7440.0
382800,6200.0
088800,2655.0
457550,21000.0
214180,15060.0
064550,7610.0
034810,6160.0
121440,4565.0
0007C0,23350.0
256840,2830.0
012210,8730.0
036560,12200.0
149950,14000.0
0088M0,19210.0
126600,3040.0
083310,10790.0
402490,11200.0
308080,9270.0
211270,12590.0
083930,12830.0
237880,10540.0
016790,994.0
481070,13070.0
192440,30250.0
432720,13200.0
484810,12110.0
054450,12330.0
126730,21000.0
126640,4610.0
039830,17320.0
405100,15140.0
086820,7100.0
024840,4495.0
304100,15540.0
474170,10330.0
024060,12170.0
123860,14970.0
489500,28400.0
464080,10280.0
101360,10870.0
138360,2355.0
232680,13760.0
402030,14350.0
216080,4840.0
102120,10240.0
950140,9060.0
484120,16520.0
071200,7410.0
039840,13350.0
066620,24700.0
418550,5660.0
108380,18480.0
123330,22300.0
462860,2440.0
176750,6180.0
032580,5380.0
372170,21750.0
126700,11530.0
042420,20950.0
078070,10100.0
143240,15850.0
264450,11600.0
080160,8890.0
123410,6060.0
041020,3385.0
092130,13990.0
039860,4400.0
194480,13930.0
079960,21200.0
458650,11140.0
143160,15500.0
418420,5460.0
377450,9550.0
371950,7350.0
109740,6370.0
024800,4500.0
119830,6220.0
226590,15420.0
361390,16720.0
417010,8090.0
199430,14900.0
038390,9720.0
403850,11420.0
146320,13460.0
049430,18000.0
445180,9370.0
473980,14500.0
058820,1100.0
488280,15060.0
032620,3125.0
048870,1850.0
066410,1153.0
118990,6680.0
046070,10280.0
086980,2545.0
264850,5230.0
023910,26350.0
388050,8470.0
179290,4845.0
270660,12380.0
011040,5100.0
046440,4155.0
452450,4340.0
007330,10450.0
072870,12860.0
104480,1709.0
114840,9040.0
321550,5170.0
380550,12480.0
086670,15300.0
060150,3320.0
049960,16150.0
051980,1360.0
042600,12350.0
093190,7700.0
106190,14400.0
209640,5460.0
147830,7430.0
083500,18310.0
125210,8960.0
067280,25200.0
293580,1562.0
285490,14000.0
140670,11490.0
334970,1889.0
331920,15170.0
053080,11220.0
260970,50600.0
267320,2535.0
005990,10980.0
105330,9170.0
054800,13960.0
187790,4685.0
220260,4560.0
001540,11080.0
259630,11730.0
047310,3905.0
321370,2760.0
222040,6900.0
234690,7940.0
282880,12230.0
115500,11780.0
293780,5120.0
289080,2365.0
036010,10660.0
073010,3490.0
204610,2460.0
038290,12940.0
264660,14470.0
049720,9730.0
299030,17470.0
0117P0,9590.0
289930,10670.0
066430,3430.0
095700,3020.0
023600,8520.0
142210,6770.0
039560,3175.0
037350,8990.0
221800,8260.0
041440,7590.0
166480,2530.0
021080,2785.0
005160,2445.0
086890,3230.0
269620,889.0
408920,3030.0
037030,5200.0
032940,7200.0
108230,3470.0
013990,3980.0
163730,14090.0
069510,11990.0
037070,6500.0
307750,2440.0
056090,1250.0
256940,6300.0
217270,2745.0
240550,6110.0
297890,1745.0
469610,14230.0
263860,14000.0
136540,10360.0
205500,2090.0
017510,8290.0
101170,9360.0
036690,2885.0
059120,6940.0
115310,7760.0
036630,12310.0
067990,4235.0
148150,3515.0
158430,5020.0
101970,8270.0
0011A0,13290.0
340450,5200.0
300080,7540.0
080420,1529.0
003100,18390.0
122450,2750.0
205100,1723.0
0017J0,3870.0
306620,2500.0
453450,15020.0
095190,1875.0
089600,10280.0
336680,3020.0
090850,5240.0
396300,4465.0
297090,4325.0
323990,5090.0
192410,4730.0
088130,6650.0
263720,9330.0
452190,4930.0
149980,5550.0
027710,1045.0
474610,8180.0
333430,3835.0
047560,9980.0
310200,2240.0
054920,4080.0
008830,12980.0
041520,9550.0
041590,2370.0
156100,5230.0
290740,11570.0
950190,8960.0
006620,4020.0
013310,2950.0
212560,9700.0
235980,3410.0
063570,3365.0
290720,3215.0
068790,5070.0
054050,7140.0
123040,1845.0
339950,2515.0
067900,6270.0
950250,3200.0
228850,6860.0
049520,3640.0
053700,4440.0
062970,1957.0
018120,16910.0
475230,10370.0
051160,7170.0
307930,7130.0
172670,12560.0
234030,4630.0
322180,5260.0
396270,3375.0
417500,3395.0
214680,1310.0
203400,1233.0
338220,7830.0
054540,8510.0
040300,2295.0
323350,14610.0
073560,1579.0
322510,4290.0
052260,3635.0
093640,3325.0
071280,7060.0
009780,6160.0
052900,1462.0
255440,8280.0
357580,9300.0
074430,1214.0
381620,8180.0
489460,7080.0
475580,7850.0
078890,5700.0
366030,4735.0
021320,4935.0
396470,6590.0
115440,9700.0
382840,6860.0
0004V0,9950.0
086960,2470.0
002230,5600.0
365330,2085.0
141000,8710.0
104460,9880.0
038540,1900.0
040160,8780.0
107600,18390.0
044990,13280.0
309960,4475.0
215100,5020.0
099750,7470.0
250060,3200.0
451220,13070.0
047770,2650.0
039340,4695.0
131030,5790.0
035080,8900.0
337930,3425.0
109610,2065.0
059210,3700.0
065450,3430.0
005860,2555.0
330730,5450.0
246720,6070.0
217820,2140.0
246710,2130.0
049950,11400.0
096240,9180.0
225190,1409.0
182360,6360.0
457370,12090.0
090470,5420.0
000440,15700.0
120240,13560.0
094840,10080.0
066790,1493.0
223250,3930.0
068240,2530.0
493330,12450.0
025950,11660.0
173130,7440.0
389030,2880.0
352090,3580.0
212710,10150.0
487580,3865.0
023900,7530.0
360070,11770.0
048550,983.0
032300,8650.0
085670,3900.0
100700,2175.0
456070,8780.0
047820,3800.0
096250,7200.0
282720,7850.0
0015S0,9560.0
413630,2580.0
045970,3550.0
039010,10890.0
136150,11200.0
317770,2575.0
129920,5760.0
066980,1744.0
038110,2280.0
217330,4020.0
357230,2260.0
036220,6400.0
331740,9600.0
035610,3355.0
226400,4540.0
042510,8290.0
078140,8310.0
052860,5030.0
377480,12920.0
086710,7530.0
042500,4120.0
303810,2825.0
039980,6370.0
029480,1531.0
072020,9410.0
389140,6390.0
262260,5920.0
302550,2940.0
053260,4890.0
311320,7170.0
464490,7780.0
203690,4425.0
418470,10410.0
066310,9660.0
063080,13570.0
030960,5480.0
950130,2565.0
066700,2375.0
040420,5680.0
265740,5080.0
092040,1295.0
100130,1568.0
131370,1660.0
093920,4760.0
033290,1549.0
417970,13850.0
330350,6590.0
131400,1456.0
408470,8120.0
053580,6640.0
288180,12270.0
117670,12880.0
089230,2335.0
298540,6120.0
011370,848.0
009300,13510.0
362320,4070.0
0007J0,10800.0
100590,5020.0
024830,10150.0
043610,1459.0
063170,4780.0
004650,9120.0
049080,993.0
443670,3500.0
049180,1009.0
024880,4215.0
183490,990.0
348350,8400.0
412350,5940.0
059270,7500.0
072950,10300.0
101330,3590.0
142280,3465.0
130580,5370.0
058630,4275.0
067000,1185.0
347890,4890.0
054670,5660.0
084650,1115.0
321260,2940.0
066590,2125.0
040910,4475.0
175250,2170.0
253840,4875.0
412540,3935.0
251120,9360.0
019540,6010.0
124560,2095.0
065510,7000.0
388870,6170.0
265560,7500.0
225530,2250.0
208370,3090.0
290660,939.0
439580,2425.0
052420,8200.0
320000,11360.0
054040,4935.0
222160,8040.0
037760,2440.0
004590,5370.0
041930,5260.0
084730,7150.0
011320,4095.0
079810,3680.0
033340,814.0
048530,2555.0
307870,1044.0
088390,8350.0
234300,2885.0
017480,5050.0
475430,4315.0
010280,5790.0
189330,8220.0
476040,11840.0
054620,4205.0
432470,9030.0
170030,5070.0
424960,4680.0
110790,3285.0
411080,5060.0
036640,4700.0
014970,5100.0
294630,2915.0
277880,3850.0
024740,2330.0
060590,3145.0
382480,1952.0
017650,8790.0
451250,7320.0
123010,2250.0
019550,944.0
147760,7000.0
012700,2825.0
101670,1328.0
067570,1787.0
413390,6560.0
020710,3690.0
067290,1301.0
419050,1308.0
900250,519.0
032540,3550.0
900260,1611.0
091120,4270.0
171120,2060.0
208140,2240.0
463020,8380.0
302430,7590.0
058400,555.0
201490,2265.0
076610,1320.0
348150,3830.0
187420,2255.0
273640,6590.0
370090,8550.0
102370,2645.0
006140,4970.0
026150,4100.0
228670,4550.0
0015N0,5740.0
048430,6230.0
234920,5310.0
217190,5440.0
238090,2425.0
067370,5810.0
094860,1321.0
261780,2695.0
299660,2395.0
478560,2700.0
460940,5270.0
053280,2840.0
448710,13350.0
128660,2800.0
126880,3085.0
067170,2720.0
036000,3015.0
111710,3445.0
041910,5280.0
463480,5610.0
340360,1362.0
453860,11090.0
263800,4325.0
096350,1861.0
014470,1169.0
073640,654.0
032850,4195.0
081180,7910.0
216050,5820.0
045660,8480.0
168330,2220.0
347860,1720.0
196490,6090.0
002800,4535.0
204840,890.0
033130,1912.0
043710,3940.0
092300,3390.0
241690,2790.0
038460,2690.0
443250,6120.0
391710,1592.0
137950,3070.0
153710,4580.0
105740,6750.0
038680,3365.0
332370,5080.0
082850,1387.0
064800,2590.0
056360,6840.0
162300,1627.0
081150,2765.0
299170,1595.0
109860,7380.0
025550,2605.0
317830,6230.0
459100,5200.0
049480,2130.0
007820,3310.0
417790,6320.0
039610,6300.0
263600,4195.0
205470,2650.0
003310,1870.0
315640,2220.0
347000,1727.0
037440,4720.0
048770,4205.0
039020,2955.0
080010,6680.0
061250,7700.0
140070,1767.0
044340,3595.0
046210,1427.0
251630,4030.0
083790,841.0
060310,1210.0
065530,1330.0
461030,4360.0
215360,6930.0
048910,5030.0
191420,7900.0
311690,4900.0
033560,3685.0
012790,5340.0
198440,1050.0
097800,2435.0
246690,1317.0
123420,6090.0
001840,2215.0
214260,7000.0
373200,2650.0
033230,1245.0
033320,3240.0
294090,1490.0
222110,4600.0
010240,5320.0
091440,1842.0
215790,1545.0
155650,3300.0
053450,4165.0
099220,950.0
185490,1432.0
004780,3835.0
027830,1123.0
104620,3665.0
094850,4300.0
095270,4285.0
088910,2340.0
039420,2660.0
043650,3400.0
089850,4155.0
024910,1723.0
145170,3575.0
005670,6190.0
070300,1710.0
041460,3195.0
109080,10610.0
049550,3045.0
136410,5470.0
246960,1770.0
134580,1222.0
045340,6960.0
060570,834.0
214270,1317.0
046940,3330.0
053050,1983.0
331380,1808.0
008370,4910.0
071670,5920.0
088280,3400.0
452400,6540.0
241790,5800.0
036120,1654.0
384470,3300.0
036670,5280.0
094940,7040.0
192250,8270.0
175140,2370.0
099520,1284.0
061040,6650.0
042110,1207.0
217500,1825.0
317690,2880.0
039240,2130.0
417860,12050.0
010470,4730.0
014950,5690.0
245620,415.0
019990,5980.0
333620,5290.0
198080,2655.0
073110,6460.0
016250,11410.0
027050,1445.0
064240,1630.0
263690,5120.0
053620,6780.0
016600,4130.0
100030,17500.0
065440,2075.0
347740,1897.0
432430,3430.0
163280,4130.0
271830,1960.0
222420,1180.0
0013V0,5650.0
067920,5210.0
054930,18600.0
317850,6730.0
033310,1397.0
007370,3970.0
382150,4680.0
340930,806.0
294140,2520.0
424980,9200.0
273060,1096.0
452200,2290.0
217480,499.0
036090,1381.0
260930,2795.0
446840,1008.0
256630,4700.0
352910,4235.0
199550,3730.0
950220,1600.0
065130,3350.0
303360,4055.0
219550,1355.0
104540,4150.0
040610,3105.0
318160,5660.0
460470,3525.0
950200,2730.0
053270,1896.0
360350,9440.0
053350,2385.0
038010,5780.0
299900,304.0
015710,2990.0
170790,8200.0
471820,4590.0
291650,870.0
050960,7810.0
072990,3575.0
278650,2990.0
072470,2800.0
373160,3620.0
159580,2585.0
096610,2965.0
007680,3775.0
099410,3650.0
207760,616.0
122310,3495.0
317530,3030.0
393970,2825.0
219420,4390.0
053980,2660.0
177900,5250.0
435570,6560.0
052220,2150.0
060560,2015.0
051390,4425.0
066670,2705.0
104040,1894.0
348080,445.0
095910,1325.0
479960,7350.0
460870,2480.0
063440,1113.0
024950,3930.0
440290,1795.0
290670,6260.0
082210,1477.0
378800,1075.0
033170,564.0
321820,3110.0
229000,2065.0
317870,5430.0
089790,4640.0
314140,5580.0
408900,1483.0
355390,3110.0
068330,1099.0
054300,832.0
082660,480.0
226330,1975.0
418250,6550.0
007530,2135.0
189980,1211.0
065500,1432.0
238120,3315.0
037330,1080.0
361570,1648.0
444530,7480.0
288620,6710.0
094970,2825.0
261520,4540.0
014190,1336.0
277070,3495.0
413640,6590.0
189690,1738.0
023440,521.0
065170,1688.0
305090,2530.0
137080,4210.0
466410,9260.0
037230,1557.0
038070,4985.0
459550,1800.0
052790,4205.0
393210,2915.0
053160,7670.0
056700,1557.0
038060,941.0
263020,3245.0
189860,4645.0
104200,3065.0
127980,3745.0
143540,1000.0
190650,7010.0
006920,4015.0
232830,2680.0
066130,3425.0
476080,5460.0
288330,416.0
369370,882.0
060850,5460.0
129890,957.0
171010,3060.0
196450,960.0
196300,4780.0
042940,6530.0
419080,4185.0
178780,2285.0
286750,1344.0
037950,2590.0
307280,6280.0
153460,6540.0
351330,5180.0
420570,7350.0
097870,5020.0
002290,3415.0
105550,544.0
173940,2945.0
215380,2540.0
376930,834.0
052460,2870.0
179530,2380.0
419120,2850.0
025880,2505.0
234100,2890.0
465480,4245.0
140520,1974.0
0010V0,8090.0
114450,2110.0
100660,3285.0
105760,4050.0
090410,900.0
250000,6140.0
091590,3530.0
184230,2180.0
263810,2635.0
072770,980.0
376290,2300.0
450330,4955.0
227950,1182.0
355690,4460.0
150900,3490.0
224110,8180.0
035460,2680.0
290120,2550.0
221980,10000.0
261200,2585.0
215090,1760.0
122690,1773.0
127710,910.0
297570,1150.0
220180,1670.0
033830,400.0
049830,6650.0
452300,2850.0
458350,4610.0
352700,1512.0
050860,1766.0
256150,4725.0
064090,798.0
066900,1780.0
263770,1683.0
204020,2035.0
237820,3055.0
123570,1769.0
051490,2770.0
218150,1930.0
089140,2600.0
069410,3855.0
020180,995.0
221840,2080.0
033540,759.0
066360,799.0
044960,3065.0
289220,1749.0
332290,969.0
452160,3930.0
128540,1421.0
122350,1004.0
311390,3045.0
200780,3600.0
047080,1510.0
260660,2500.0
032960,10780.0
469750,1095.0
087600,4680.0
101240,3315.0
043340,801.0
206560,1481.0
219750,571.0
049470,1566.0
057540,626.0
239890,3810.0
019770,3305.0
263700,1900.0
195500,2320.0
198940,1940.0
086040,2345.0
096630,2360.0
258610,1006.0
014570,3350.0
024120,3220.0
088340,8400.0
335810,1659.0
081580,2335.0
064480,3065.0
290090,4920.0
089150,2105.0
032790,1404.0
186230,3345.0
103840,2200.0
148250,2760.0
464280,6370.0
284620,1087.0
340810,2620.0
153490,695.0
022220,712.0
068940,778.0
046310,2195.0
057030,2170.0
083550,2615.0
052600,3080.0
340440,1248.0
364950,4225.0
900300,91.0
365590,1140.0
071850,1457.0
064520,1570.0
263050,959.0
050110,1234.0
119500,2950.0
203450,2485.0
407400,2365.0
079000,4950.0
001000,1375.0
206400,998.0
086060,3895.0
228340,1699.0
403490,767.0
406820,2435.0
160550,1228.0
133750,1462.0
177830,2530.0
208860,1005.0
187270,3365.0
475460,6230.0
025440,704.0
199480,3370.0
043910,2980.0
021650,2045.0
097780,664.0
059100,4800.0
388610,6490.0
045060,1980.0
109820,1621.0
464500,2345.0
376180,1774.0
387570,6050.0
430690,3055.0
429270,5190.0
031510,1185.0
080520,2950.0
0010F0,2975.0
060540,1266.0
475660,4160.0
318410,5920.0
900070,610.0
336060,681.0
066910,2450.0
373170,2225.0
208710,2470.0
434480,2640.0
075130,1980.0
270870,3510.0
050120,3105.0
031310,1080.0
276730,13880.0
351320,1116.0
075970,1766.0
057680,2280.0
450520,2155.0
288980,897.0
043200,759.0
058110,1921.0
019570,326.0
012620,7120.0
277410,816.0
359090,550.0
026040,1947.0
262840,2990.0
032860,795.0
363250,3705.0
106240,1279.0
363260,973.0
258830,412.0
187220,2660.0
099390,3800.0
462310,3730.0
038950,3025.0
239610,5660.0
053950,1963.0
159910,2970.0
131090,3950.0
044480,948.0
356890,2575.0
438700,2815.0
068050,1097.0
296640,5820.0
079650,1300.0
318020,2435.0
246250,1969.0
195990,917.0
054780,1526.0
169330,1715.0
114630,1768.0
254120,962.0
200350,3015.0
073540,2645.0
464580,1750.0
383930,2320.0
045300,2870.0
300120,597.0
263920,3105.0
065950,1040.0
037370,3430.0
130500,2010.0
027040,2090.0
290520,1772.0
351870,2695.0
241840,3030.0
257370,2305.0
021880,136.0
035200,3000.0
148930,2840.0
013720,489.0
007720,288.0
238490,2565.0
318000,3285.0
252500,685.0
318010,3555.0
131220,3795.0
048470,2945.0
440320,2925.0
398120,2355.0
033050,868.0
038620,1820.0
039740,3570.0
017000,2365.0
033200,2990.0
225220,1460.0
013810,1850.0
457600,2015.0
142760,687.0
078590,2710.0
043220,1710.0
079170,5170.0
237750,4185.0
038870,1929.0
016670,2685.0
115160,6400.0
342870,4915.0
080530,2345.0
008470,3185.0
290270,2810.0
121890,1952.0
063760,2800.0
065370,3560.0
462980,1433.0
900110,713.0
405920,2035.0
045510,805.0
291230,564.0
131100,812.0
462510,2965.0
397810,5030.0
115610,2180.0
200230,360.0
333050,5300.0
091340,2175.0
018680,2200.0
068100,2270.0
347770,1160.0
065060,4285.0
032750,2840.0
039290,2975.0
317240,884.0
046390,1469.0
090150,612.0
274400,2815.0
353590,1955.0
310870,1250.0
001810,1146.0
056730,1720.0
038880,670.0
019660,1879.0
223310,4820.0
016100,1315.0
007770,7090.0
317120,1647.0
298060,2910.0
455180,1761.0
032080,1113.0
335870,1414.0
049120,2380.0
424760,2425.0
036480,6390.0
197140,1892.0
052300,1561.0
432980,2830.0
073570,2055.0
354200,892.0
304840,1000.0
101400,2040.0
367000,2880.0
069140,1633.0
328380,3350.0
348030,2525.0
267790,3205.0
131180,4125.0
303530,3355.0
053290,1471.0
290560,1068.0
130740,2145.0
373110,1352.0
051380,1523.0
093380,2440.0
065650,2145.0
060380,1178.0
053060,1343.0
051780,3750.0
138070,1340.0
006050,671.0
054090,919.0
065150,1450.0
208350,2850.0
115480,1915.0
377330,2850.0
389680,2495.0
024940,2290.0
353190,2885.0
139670,1640.0
023770,2545.0
140430,2145.0
210120,930.0
070590,1660.0
123750,1631.0
026910,3570.0
016920,840.0
301300,1695.0
900310,1840.0
188040,4905.0
101000,552.0
044780,1206.0
091970,2905.0
239340,802.0
080470,3015.0
236810,1299.0
376980,2280.0
067730,2285.0
134060,4595.0
352940,2005.0
032800,1860.0
331520,2130.0
080720,2725.0
043360,2460.0
017250,1023.0
123840,3330.0
258790,4220.0
038530,931.0
067010,1979.0
146060,897.0
032280,1308.0
058450,4750.0
021040,986.0
306040,2125.0
078860,3675.0
900340,1672.0
037400,798.0
222980,1884.0
188260,1694.0
192390,1840.0
377220,732.0
900100,389.0
131760,2405.0
096690,5180.0
372800,2895.0
032680,978.0
362990,1246.0
226340,2445.0
418620,1041.0
115570,2530.0
109960,1805.0
034940,645.0
054940,601.0
154030,1642.0
225590,3870.0
027580,1650.0
415380,1726.0
083640,1272.0
431190,2645.0
285800,1079.0
084440,1022.0
020400,3110.0
054220,1580.0
275630,3815.0
103230,2730.0
365900,2660.0
060900,4980.0
076080,854.0
224060,3790.0
109670,3320.0
322780,2155.0
035620,1021.0
214610,2290.0
227610,1058.0
148780,618.0
083660,304.0
113810,589.0
085810,1453.0
238200,2390.0
039310,1055.0
270520,968.0
098660,1557.0
031860,693.0
042040,749.0
032980,604.0
014100,1540.0
018620,3135.0
193250,1371.0
215480,1974.0
303030,1918.0
083470,833.0
101680,2125.0
289010,1282.0
368600,700.0
279600,3640.0
050760,1098.0
060260,1323.0
196700,1194.0
405000,4420.0
482680,2055.0
208640,121.0
241820,6040.0
477380,2055.0
417180,4700.0
110020,1798.0
344860,1400.0
377030,1530.0
045520,2480.0
054410,2915.0
106520,411.0
900270,642.0
065770,1645.0
0072Z0,1996.0
291810,1279.0
060480,1405.0
247660,3575.0
088290,2095.0
0101C0,1997.0
087260,479.0
060230,278.0
0130H0,1997.0
469880,2095.0
018700,1336.0
477340,2030.0
030350,973.0
137940,1822.0
065690,1077.0
096870,1796.0
0044K0,2005.0
227100,612.0
0115H0,1997.0
900120,391.0
473050,2070.0
048830,789.0
199730,2965.0
023790,1097.0
240600,2095.0
478440,2045.0
009730,197.0
067770,1686.0
479880,2045.0
154040,777.0
0099W0,1996.0
191410,1257.0
069330,804.0
092600,2770.0
308100,576.0
361670,2440.0
368970,3030.0
352770,5250.0
065420,190.0
002680,413.0
244460,1651.0
079950,982.0
489480,2025.0
0134X0,1983.0
043590,998.0
028080,5950.0
250930,402.0
177350,658.0
0096B0,1997.0
481890,2075.0
0097F0,1996.0
079190,667.0
0093G0,1995.0
489730,2015.0
478390,2050.0
115530,1752.0
054180,2295.0
0037T0,2000.0
0099X0,2125.0
0054V0,2030.0
471050,2085.0
0088D0,2165.0
492220,2020.0
0131D0,1981.0
482520,2027.0
482690,2190.0
065570,764.0
0091W0,2022.0
312610,612.0
0041L0,1995.0
225430,2165.0
477760,2055.0
0132G0,1996.0
084180,642.0
012340,1045.0
035290,2605.0
419540,2600.0
469900,2075.0
0071M0,2010.0
060240,1976.0
025870,2930.0
487360,2020.0
474490,2050.0
474660,2050.0
0105P0,1995.0
496070,2000.0
477470,2055.0
0129K0,1988.0
069920,1207.0
050090,557.0
0096D0,1992.0
0098T0,2020.0
486630,2055.0
493790,2015.0
0004Y0,2010.0
489210,2060.0
0130D0,1986.0
043100,520.0
469480,2400.0
008290,531.0
466690,2000.0
478110,2032.0
0041B0,2020.0
011080,2350.0
498390,2050.0
009620,563.0
472220,2100.0
073190,916.0
488060,2030.0
106080,1650.0
484130,2020.0
464440,2110.0
473950,2035.0
465320,2335.0
467930,2100.0
468760,2080.0
487830,2030.0
472230,2085.0
0068Y0,2000.0
487720,2030.0
0041J0,1996.0
03481K,5970.0
121850,1628.0
475250,2070.0
079970,596.0
309930,1505.0
474930,2075.0
276040,327.0
473000,2045.0
101390,396.0
475240,2075.0
044180,205.0
313760,468.0
043090,1140.0
052770,312.0
021045,2450.0
032685,23350.0
