ticker,name,total_score,judge,tech_score,rsi,rsi_score,ma_align,ma_score,vol_ratio,vol_score,news_score,investor_score,theme_score,fetch_date,fetched_at
005320,온타이드,35,RESERVE_BUY,35,45.22,10,정배열,15,2.78,10,0,0,0,20260520,2026-05-20 15:50:24
223310,사토시홀딩스,35,RESERVE_BUY,35,45.03,10,정배열,15,2.34,10,0,0,0,20260520,2026-05-20 15:50:24
051390,YW,35,RESERVE_BUY,35,48.22,10,정배열,15,3.65,10,0,0,0,20260520,2026-05-20 15:50:24
264850,이랜시스,32,RESERVE_BUY,32,49.52,10,정배열,15,1.82,7,0,0,0,20260520,2026-05-20 15:50:24
054800,아이디스홀딩스,32,RESERVE_BUY,32,48.31,10,정배열,15,1.77,7,0,0,0,20260520,2026-05-20 15:50:24
015590,DKME,32,RESERVE_BUY,32,43.68,10,정배열,15,1.72,7,0,0,0,20260520,2026-05-20 15:50:24
036930,주성엔지니어링,30,RESERVE_BUY,30,69.69,5,정배열,15,2.25,10,0,0,0,20260520,2026-05-20 15:50:24
014915,성문전자우,30,RESERVE_BUY,30,61.85,5,정배열,15,2.06,10,0,0,0,20260520,2026-05-20 15:50:24
005257,녹십자홀딩스2우,30,RESERVE_BUY,30,66.53,5,정배열,15,3.07,10,0,0,0,20260520,2026-05-20 15:50:24
005500,삼진제약,30,RESERVE_BUY,30,56.84,5,정배열,15,2.33,10,0,0,0,20260520,2026-05-20 15:50:24
073110,엘엠에스,30,RESERVE_BUY,30,57.78,5,정배열,15,2.13,10,0,0,0,20260520,2026-05-20 15:50:24
381620,제닉스로보틱스,30,RESERVE_BUY,30,56.67,5,정배열,15,4.35,10,0,0,0,20260520,2026-05-20 15:50:24
123860,아나패스,30,RESERVE_BUY,30,61.63,5,정배열,15,3.31,10,0,0,0,20260520,2026-05-20 15:50:24
215790,이노인스트루먼트,30,RESERVE_BUY,30,55.27,5,정배열,15,3.51,10,0,0,0,20260520,2026-05-20 15:50:24
043360,디지아이,30,RESERVE_BUY,30,58.01,5,정배열,15,2.46,10,0,0,0,20260520,2026-05-20 15:50:24
010770,평화홀딩스,30,RESERVE_BUY,30,65.74,5,정배열,15,2.13,10,0,0,0,20260520,2026-05-20 15:50:24
031510,오스템,30,RESERVE_BUY,30,65.19,5,정배열,15,2.74,10,0,0,0,20260520,2026-05-20 15:50:24
215480,토박스코리아,30,RESERVE_BUY,30,58.01,5,정배열,15,2.77,10,0,0,0,20260520,2026-05-20 15:50:24
253840,수젠텍,30,RESERVE_BUY,30,69.55,5,정배열,15,3.92,10,0,0,0,20260520,2026-05-20 15:50:24
066980,한성크린텍,30,RESERVE_BUY,30,66.47,5,정배열,15,6.66,10,0,0,0,20260520,2026-05-20 15:50:24
001820,삼화콘덴서,30,RESERVE_BUY,30,68.4,5,정배열,15,7.12,10,0,0,0,20260520,2026-05-20 15:50:24
067170,오텍,30,RESERVE_BUY,30,61.74,5,정배열,15,2.97,10,0,0,0,20260520,2026-05-20 15:50:24
205470,휴마시스,30,RESERVE_BUY,30,56.05,5,정배열,15,2.59,10,0,0,0,20260520,2026-05-20 15:50:24
950130,엑세스바이오,30,RESERVE_BUY,30,53.88,5,정배열,15,5.66,10,0,0,0,20260520,2026-05-20 15:50:24
049960,쎌바이오텍,30,RESERVE_BUY,30,68.44,5,정배열,15,3.3,10,0,0,0,20260520,2026-05-20 15:50:24
005250,녹십자홀딩스,30,RESERVE_BUY,30,63.46,5,정배열,15,5.05,10,0,0,0,20260520,2026-05-20 15:50:24
066430,아이로보틱스,30,RESERVE_BUY,30,66.35,5,정배열,15,2.29,10,0,0,0,20260520,2026-05-20 15:50:24
003550,LG,29,WATCH_ONLY,29,49.92,10,정배열,15,1.16,4,0,0,0,20260520,2026-05-20 15:50:24
136490,선진,29,WATCH_ONLY,29,44.85,10,정배열,15,1.05,4,0,0,0,20260520,2026-05-20 15:50:24
003555,LG우,29,WATCH_ONLY,29,46.83,10,정배열,15,1.18,4,0,0,0,20260520,2026-05-20 15:50:24
189300,인텔리안테크,29,WATCH_ONLY,29,43.44,10,정배열,15,1.38,4,0,0,0,20260520,2026-05-20 15:50:24
009810,플레이그램,29,WATCH_ONLY,29,26.55,15,역/혼합,4,3.63,10,0,0,0,20260520,2026-05-20 15:50:24
005385,현대차우,29,WATCH_ONLY,29,43.53,10,정배열,15,1.08,4,0,0,0,20260520,2026-05-20 15:50:24
000430,대원강업,29,WATCH_ONLY,29,45.18,10,정배열,15,1.07,4,0,0,0,20260520,2026-05-20 15:50:24
014680,한솔케미칼,29,WATCH_ONLY,29,42.68,10,정배열,15,1.18,4,0,0,0,20260520,2026-05-20 15:50:24
122310,제노레이,29,WATCH_ONLY,29,49.69,10,정배열,15,1.14,4,0,0,0,20260520,2026-05-20 15:50:24
282330,BGF리테일,29,WATCH_ONLY,29,48.71,10,정배열,15,1.06,4,0,0,0,20260520,2026-05-20 15:50:24
295310,에이치브이엠,29,WATCH_ONLY,29,49.29,10,정배열,15,1.23,4,0,0,0,20260520,2026-05-20 15:50:24
035620,바른손이앤에이,28,WATCH_ONLY,28,48.4,10,역/혼합,8,13.6,10,0,0,0,20260520,2026-05-20 15:50:24
008490,서흥,27,WATCH_ONLY,27,65.84,5,정배열,15,1.61,7,0,0,0,20260520,2026-05-20 15:50:24
031330,에스에이엠티,27,WATCH_ONLY,27,68.06,5,정배열,15,1.7,7,0,0,0,20260520,2026-05-20 15:50:24
274090,켄코아에어로스페이스,27,WATCH_ONLY,27,53.95,5,정배열,15,1.86,7,0,0,0,20260520,2026-05-20 15:50:24
473050,유안타제15호스팩,27,WATCH_ONLY,27,58.43,5,정배열,15,1.79,7,0,0,0,20260520,2026-05-20 15:50:24
083500,에프엔에스테크,27,WATCH_ONLY,27,53.37,5,정배열,15,1.6,7,0,0,0,20260520,2026-05-20 15:50:24
122990,와이솔,27,WATCH_ONLY,27,63.1,5,정배열,15,1.94,7,0,0,0,20260520,2026-05-20 15:50:24
034730,SK,27,WATCH_ONLY,27,64.37,5,정배열,15,1.53,7,0,0,0,20260520,2026-05-20 15:50:24
123010,알엔티엑스,27,WATCH_ONLY,27,64.91,5,정배열,15,1.93,7,0,0,0,20260520,2026-05-20 15:50:24
290690,소룩스,27,WATCH_ONLY,27,60.79,5,정배열,15,1.68,7,0,0,0,20260520,2026-05-20 15:50:24
037460,삼지전자,27,WATCH_ONLY,27,64.63,5,정배열,15,1.92,7,0,0,0,20260520,2026-05-20 15:50:24
079940,가비아,27,WATCH_ONLY,27,56.06,5,정배열,15,2.0,7,0,0,0,20260520,2026-05-20 15:50:24
293480,하나제약,27,WATCH_ONLY,27,53.42,5,정배열,15,1.64,7,0,0,0,20260520,2026-05-20 15:50:24
289010,아이스크림에듀,27,WATCH_ONLY,27,58.06,5,정배열,15,1.83,7,0,0,0,20260520,2026-05-20 15:50:24
018880,한온시스템,25,WATCH_ONLY,25,45.89,10,정배열,15,0.35,0,0,0,0,20260520,2026-05-20 15:50:24
437730,삼현,25,WATCH_ONLY,25,45.91,10,정배열,15,0.65,0,0,0,0,20260520,2026-05-20 15:50:24
145020,휴젤,25,WATCH_ONLY,25,44.11,10,정배열,15,0.96,0,0,0,0,20260520,2026-05-20 15:50:24
33626L,두산퓨얼셀2우B,25,WATCH_ONLY,25,47.1,10,정배열,15,0.36,0,0,0,0,20260520,2026-05-20 15:50:24
065770,CS,25,WATCH_ONLY,25,48.1,10,정배열,15,0.0,0,0,0,0,20260520,2026-05-20 15:50:24
002025,코오롱우,25,WATCH_ONLY,25,45.07,10,정배열,15,0.65,0,0,0,0,20260520,2026-05-20 15:50:24
011090,에넥스,25,WATCH_ONLY,25,15.6,15,역/혼합,0,14.73,10,0,0,0,20260520,2026-05-20 15:50:24
034220,LG디스플레이,25,WATCH_ONLY,25,46.8,10,정배열,15,0.59,0,0,0,0,20260520,2026-05-20 15:50:24
28513K,SK케미칼우,25,WATCH_ONLY,25,24.79,15,역/혼합,0,2.04,10,0,0,0,20260520,2026-05-20 15:50:24
003490,대한항공,25,WATCH_ONLY,25,47.41,10,정배열,15,0.8,0,0,0,0,20260520,2026-05-20 15:50:24
115480,씨유메디칼,25,WATCH_ONLY,25,19.14,15,역/혼합,0,5.7,10,0,0,0,20260520,2026-05-20 15:50:24
115530,씨엔플러스,25,WATCH_ONLY,25,49.85,10,정배열,15,0.0,0,0,0,0,20260520,2026-05-20 15:50:24
298060,풍전약품,25,WATCH_ONLY,25,13.77,15,역/혼합,0,5.65,10,0,0,0,20260520,2026-05-20 15:50:24
018260,삼성에스디에스,25,WATCH_ONLY,25,43.56,10,정배열,15,0.75,0,0,0,0,20260520,2026-05-20 15:50:24
043910,자연과환경,25,WATCH_ONLY,25,12.49,15,역/혼합,0,4.17,10,0,0,0,20260520,2026-05-20 15:50:24
005950,이수화학,25,WATCH_ONLY,25,76.07,0,정배열,15,4.44,10,0,0,0,20260520,2026-05-20 15:50:24
351320,넥사다이내믹스,25,WATCH_ONLY,25,48.63,10,정배열,15,0.81,0,0,0,0,20260520,2026-05-20 15:50:24
043340,에쎈테크,25,WATCH_ONLY,25,22.32,15,역/혼합,0,5.74,10,0,0,0,20260520,2026-05-20 15:50:24
051900,LG생활건강,25,WATCH_ONLY,25,44.15,10,정배열,15,0.78,0,0,0,0,20260520,2026-05-20 15:50:24
006200,한국전자홀딩스,25,WATCH_ONLY,25,20.59,15,역/혼합,0,2.02,10,0,0,0,20260520,2026-05-20 15:50:24
454910,두산로보틱스,25,WATCH_ONLY,25,46.01,10,정배열,15,0.8,0,0,0,0,20260520,2026-05-20 15:50:24
027580,상보,25,WATCH_ONLY,25,14.99,15,역/혼합,0,3.33,10,0,0,0,20260520,2026-05-20 15:50:24
011000,진원생명과학,25,WATCH_ONLY,25,71.24,0,정배열,15,3.64,10,0,0,0,20260520,2026-05-20 15:50:24
025560,미래산업,25,WATCH_ONLY,25,76.34,0,정배열,15,2.09,10,0,0,0,20260520,2026-05-20 15:50:24
000050,경방,25,WATCH_ONLY,25,48.45,10,정배열,15,0.92,0,0,0,0,20260520,2026-05-20 15:50:24
070960,모나용평,25,WATCH_ONLY,25,24.77,15,역/혼합,0,2.01,10,0,0,0,20260520,2026-05-20 15:50:24
154040,다산솔루에타,25,WATCH_ONLY,25,27.48,15,역/혼합,0,2.11,10,0,0,0,20260520,2026-05-20 15:50:24
238200,비피도,25,WATCH_ONLY,25,42.29,10,정배열,15,0.42,0,0,0,0,20260520,2026-05-20 15:50:24
001440,대한전선,25,WATCH_ONLY,25,49.4,10,정배열,15,0.31,0,0,0,0,20260520,2026-05-20 15:50:24
060230,제이케이시냅스,25,WATCH_ONLY,25,48.54,10,정배열,15,0.6,0,0,0,0,20260520,2026-05-20 15:50:24
033250,체시스,25,WATCH_ONLY,25,12.55,15,역/혼합,0,3.57,10,0,0,0,20260520,2026-05-20 15:50:24
009460,한창제지,25,WATCH_ONLY,25,25.58,15,역/혼합,0,2.04,10,0,0,0,20260520,2026-05-20 15:50:24
000890,보해양조,25,WATCH_ONLY,25,8.46,15,역/혼합,0,8.56,10,0,0,0,20260520,2026-05-20 15:50:24
027740,마니커,25,WATCH_ONLY,25,26.43,15,역/혼합,0,3.16,10,0,0,0,20260520,2026-05-20 15:50:24
108670,LX하우시스,25,WATCH_ONLY,25,45.25,10,정배열,15,0.53,0,0,0,0,20260520,2026-05-20 15:50:24
353190,휴럼,25,WATCH_ONLY,25,26.56,15,역/혼합,0,2.98,10,0,0,0,20260520,2026-05-20 15:50:24
101400,엔시트론,25,WATCH_ONLY,25,19.22,15,역/혼합,0,2.53,10,0,0,0,20260520,2026-05-20 15:50:24
005387,현대차2우B,25,WATCH_ONLY,25,43.63,10,정배열,15,0.86,0,0,0,0,20260520,2026-05-20 15:50:24
415380,스튜디오삼익,25,WATCH_ONLY,25,45.01,10,정배열,15,0.57,0,0,0,0,20260520,2026-05-20 15:50:24
000020,동화약품,25,WATCH_ONLY,25,47.87,10,역/혼합,8,1.6,7,0,0,0,20260520,2026-05-20 15:50:24
417180,핑거스토리,25,WATCH_ONLY,25,9.12,15,역/혼합,0,11.41,10,0,0,0,20260520,2026-05-20 15:50:24
259960,크래프톤,25,WATCH_ONLY,25,47.93,10,정배열,15,0.59,0,0,0,0,20260520,2026-05-20 15:50:24
226320,잇츠한불,25,WATCH_ONLY,25,47.03,10,정배열,15,0.47,0,0,0,0,20260520,2026-05-20 15:50:24
001080,만호제강,25,WATCH_ONLY,25,47.66,10,정배열,15,0.68,0,0,0,0,20260520,2026-05-20 15:50:24
025820,이구산업,25,WATCH_ONLY,25,43.77,10,정배열,15,0.28,0,0,0,0,20260520,2026-05-20 15:50:24
053210,스카이라이프,25,WATCH_ONLY,25,28.24,15,역/혼합,0,2.38,10,0,0,0,20260520,2026-05-20 15:50:24
073190,듀오백,25,WATCH_ONLY,25,27.72,15,역/혼합,0,3.66,10,0,0,0,20260520,2026-05-20 15:50:24
080420,모다이노칩,25,WATCH_ONLY,25,20.29,15,역/혼합,0,2.34,10,0,0,0,20260520,2026-05-20 15:50:24
001130,대한제분,25,WATCH_ONLY,25,13.59,15,역/혼합,0,2.97,10,0,0,0,20260520,2026-05-20 15:50:24
408920,메쎄이상,25,WATCH_ONLY,25,49.26,10,정배열,15,0.34,0,0,0,0,20260520,2026-05-20 15:50:24
142280,녹십자엠에스,25,WATCH_ONLY,25,77.64,0,정배열,15,4.58,10,0,0,0,20260520,2026-05-20 15:50:24
223250,드림씨아이에스,25,WATCH_ONLY,25,46.16,10,정배열,15,0.3,0,0,0,0,20260520,2026-05-20 15:50:24
086960,MDS테크,25,WATCH_ONLY,25,70.7,0,정배열,15,2.56,10,0,0,0,20260520,2026-05-20 15:50:24
037070,파세코,25,WATCH_ONLY,25,25.09,15,역/혼합,0,3.67,10,0,0,0,20260520,2026-05-20 15:50:24
081150,티플랙스,25,WATCH_ONLY,25,47.52,10,정배열,15,0.22,0,0,0,0,20260520,2026-05-20 15:50:24
069960,현대백화점,25,WATCH_ONLY,25,49.17,10,정배열,15,0.85,0,0,0,0,20260520,2026-05-20 15:50:24
011210,현대위아,25,WATCH_ONLY,25,39.37,10,정배열,15,0.46,0,0,0,0,20260520,2026-05-20 15:50:24
307180,아이엘,25,WATCH_ONLY,25,47.76,10,정배열,15,0.52,0,0,0,0,20260520,2026-05-20 15:50:24
019010,베뉴지,25,WATCH_ONLY,25,44.97,10,정배열,15,0.6,0,0,0,0,20260520,2026-05-20 15:50:24
488280,에스투더블유,25,WATCH_ONLY,25,44.96,10,정배열,15,0.59,0,0,0,0,20260520,2026-05-20 15:50:24
138360,앤로보틱스,25,WATCH_ONLY,25,49.3,10,정배열,15,0.25,0,0,0,0,20260520,2026-05-20 15:50:24
024840,KBI메탈,25,WATCH_ONLY,25,47.74,10,정배열,15,0.6,0,0,0,0,20260520,2026-05-20 15:50:24
382840,원준,25,WATCH_ONLY,25,25.5,15,역/혼합,0,6.39,10,0,0,0,20260520,2026-05-20 15:50:24
203400,에이비온,25,WATCH_ONLY,25,28.48,15,역/혼합,0,2.91,10,0,0,0,20260520,2026-05-20 15:50:24
059120,아진엑스텍,25,WATCH_ONLY,25,49.21,10,정배열,15,0.56,0,0,0,0,20260520,2026-05-20 15:50:24
336680,탑런토탈솔루션,25,WATCH_ONLY,25,24.12,15,역/혼합,0,2.25,10,0,0,0,20260520,2026-05-20 15:50:24
009160,SIMPAC,25,WATCH_ONLY,25,41.11,10,정배열,15,0.45,0,0,0,0,20260520,2026-05-20 15:50:24
277810,레인보우로보틱스,25,WATCH_ONLY,25,41.75,10,정배열,15,0.7,0,0,0,0,20260520,2026-05-20 15:50:24
045300,성우테크론,25,WATCH_ONLY,25,49.22,10,정배열,15,0.74,0,0,0,0,20260520,2026-05-20 15:50:24
319400,현대무벡스,25,WATCH_ONLY,25,45.4,10,정배열,15,0.4,0,0,0,0,20260520,2026-05-20 15:50:24
108675,LX하우시스우,25,WATCH_ONLY,25,44.32,10,정배열,15,0.37,0,0,0,0,20260520,2026-05-20 15:50:24
078520,에이블씨엔씨,25,WATCH_ONLY,25,45.99,10,정배열,15,0.36,0,0,0,0,20260520,2026-05-20 15:50:24
290520,신도기연,25,WATCH_ONLY,25,45.29,10,정배열,15,0.35,0,0,0,0,20260520,2026-05-20 15:50:24
105630,한세실업,25,WATCH_ONLY,25,24.92,15,역/혼합,0,2.26,10,0,0,0,20260520,2026-05-20 15:50:24
080530,코디,25,WATCH_ONLY,25,9.61,15,역/혼합,0,2.35,10,0,0,0,20260520,2026-05-20 15:50:24
005850,에스엘,25,WATCH_ONLY,25,42.83,10,정배열,15,0.77,0,0,0,0,20260520,2026-05-20 15:50:24
290550,디케이티,25,WATCH_ONLY,25,46.03,10,정배열,15,0.79,0,0,0,0,20260520,2026-05-20 15:50:24
011780,금호석유화학,25,WATCH_ONLY,25,44.23,10,정배열,15,0.7,0,0,0,0,20260520,2026-05-20 15:50:24
322000,HD현대에너지솔루션,25,WATCH_ONLY,25,46.93,10,정배열,15,0.28,0,0,0,0,20260520,2026-05-20 15:50:24
161890,한국콜마,25,WATCH_ONLY,25,49.5,10,정배열,15,0.82,0,0,0,0,20260520,2026-05-20 15:50:24
100120,뷰웍스,25,WATCH_ONLY,25,48.35,10,정배열,15,0.47,0,0,0,0,20260520,2026-05-20 15:50:24
278650,HLB바이오스텝,25,WATCH_ONLY,25,9.3,15,역/혼합,0,2.59,10,0,0,0,20260520,2026-05-20 15:50:24
187420,HLB제넥스,25,WATCH_ONLY,25,29.27,15,역/혼합,0,2.1,10,0,0,0,20260520,2026-05-20 15:50:24
064800,포니링크,25,WATCH_ONLY,25,17.89,15,역/혼합,0,4.22,10,0,0,0,20260520,2026-05-20 15:50:24
005389,현대차3우B,25,WATCH_ONLY,25,44.77,10,정배열,15,0.59,0,0,0,0,20260520,2026-05-20 15:50:24
459510,나우로보틱스,25,WATCH_ONLY,25,44.72,10,정배열,15,0.37,0,0,0,0,20260520,2026-05-20 15:50:24
104040,디에스엠,25,WATCH_ONLY,25,13.21,15,역/혼합,0,2.32,10,0,0,0,20260520,2026-05-20 15:50:24
222110,팬젠,25,WATCH_ONLY,25,46.13,10,정배열,15,0.35,0,0,0,0,20260520,2026-05-20 15:50:24
143540,영우디에스피,25,WATCH_ONLY,25,70.15,0,정배열,15,5.13,10,0,0,0,20260520,2026-05-20 15:50:24
012860,모베이스전자,25,WATCH_ONLY,25,48.07,10,정배열,15,0.27,0,0,0,0,20260520,2026-05-20 15:50:24
015860,일진홀딩스,25,WATCH_ONLY,25,46.78,10,정배열,15,0.61,0,0,0,0,20260520,2026-05-20 15:50:24
020000,한섬,25,WATCH_ONLY,25,46.21,10,정배열,15,0.46,0,0,0,0,20260520,2026-05-20 15:50:24
155650,와이엠씨,25,WATCH_ONLY,25,48.03,10,정배열,15,0.09,0,0,0,0,20260520,2026-05-20 15:50:24
452260,한화갤러리아,25,WATCH_ONLY,25,48.54,10,정배열,15,0.2,0,0,0,0,20260520,2026-05-20 15:50:24
190510,나무가,25,WATCH_ONLY,25,41.04,10,정배열,15,0.54,0,0,0,0,20260520,2026-05-20 15:50:24
204320,HL만도,25,WATCH_ONLY,25,40.57,10,정배열,15,0.65,0,0,0,0,20260520,2026-05-20 15:50:24
015360,INVENI,25,WATCH_ONLY,25,46.22,10,정배열,15,0.72,0,0,0,0,20260520,2026-05-20 15:50:24
204620,글로벌텍스프리,25,WATCH_ONLY,25,42.62,10,정배열,15,0.59,0,0,0,0,20260520,2026-05-20 15:50:24
065130,탑엔지니어링,25,WATCH_ONLY,25,76.88,0,정배열,15,2.49,10,0,0,0,20260520,2026-05-20 15:50:24
031430,신세계인터내셔날,25,WATCH_ONLY,25,45.19,10,정배열,15,0.58,0,0,0,0,20260520,2026-05-20 15:50:24
003800,에이스침대,25,WATCH_ONLY,25,28.46,15,역/혼합,0,2.29,10,0,0,0,20260520,2026-05-20 15:50:24
085910,네오티스,25,WATCH_ONLY,25,48.93,10,정배열,15,0.35,0,0,0,0,20260520,2026-05-20 15:50:24
063440,SM Life Design,25,WATCH_ONLY,25,24.25,15,역/혼합,0,2.4,10,0,0,0,20260520,2026-05-20 15:50:24
040610,SG&G,25,WATCH_ONLY,25,21.32,15,역/혼합,0,2.74,10,0,0,0,20260520,2026-05-20 15:50:24
090360,로보스타,25,WATCH_ONLY,25,48.63,10,정배열,15,0.7,0,0,0,0,20260520,2026-05-20 15:50:24
092790,넥스틸,25,WATCH_ONLY,25,49.47,10,정배열,15,0.27,0,0,0,0,20260520,2026-05-20 15:50:24
110990,디아이티,25,WATCH_ONLY,25,49.55,10,정배열,15,0.84,0,0,0,0,20260520,2026-05-20 15:50:24
263020,디케이앤디,25,WATCH_ONLY,25,47.76,10,정배열,15,0.43,0,0,0,0,20260520,2026-05-20 15:50:24
403550,쏘카,25,WATCH_ONLY,25,45.6,10,정배열,15,0.47,0,0,0,0,20260520,2026-05-20 15:50:24
060980,HL홀딩스,25,WATCH_ONLY,25,44.1,10,역/혼합,8,1.65,7,0,0,0,20260520,2026-05-20 15:50:24
0044K0,삼성스팩10호,25,WATCH_ONLY,25,25.13,15,역/혼합,0,2.51,10,0,0,0,20260520,2026-05-20 15:50:24
033240,자화전자,25,WATCH_ONLY,25,49.55,10,정배열,15,0.81,0,0,0,0,20260520,2026-05-20 15:50:24
396270,넥스트칩,25,WATCH_ONLY,25,45.91,10,정배열,15,0.49,0,0,0,0,20260520,2026-05-20 15:50:24
095190,신화프리텍,25,WATCH_ONLY,25,43.82,10,정배열,15,0.55,0,0,0,0,20260520,2026-05-20 15:50:24
047820,초록뱀미디어,25,WATCH_ONLY,25,44.49,10,정배열,15,0.37,0,0,0,0,20260520,2026-05-20 15:50:24
156100,엘앤케이바이오,25,WATCH_ONLY,25,26.89,15,역/혼합,0,2.92,10,0,0,0,20260520,2026-05-20 15:50:24
039980,폴라리스AI,25,WATCH_ONLY,25,48.71,10,정배열,15,0.45,0,0,0,0,20260520,2026-05-20 15:50:24
003470,유안타증권,25,WATCH_ONLY,25,45.63,10,정배열,15,0.26,0,0,0,0,20260520,2026-05-20 15:50:24
001800,오리온홀딩스,25,WATCH_ONLY,25,49.04,10,정배열,15,0.7,0,0,0,0,20260520,2026-05-20 15:50:24
308080,바이젠셀,25,WATCH_ONLY,25,48.95,10,정배열,15,0.25,0,0,0,0,20260520,2026-05-20 15:50:24
094940,푸른기술,25,WATCH_ONLY,25,49.38,10,정배열,15,0.38,0,0,0,0,20260520,2026-05-20 15:50:24
311320,지오엘리먼트,25,WATCH_ONLY,25,47.31,10,정배열,15,0.23,0,0,0,0,20260520,2026-05-20 15:50:24
185490,아이진,25,WATCH_ONLY,25,81.57,0,정배열,15,8.11,10,0,0,0,20260520,2026-05-20 15:50:24
251630,브이원텍,25,WATCH_ONLY,25,43.56,10,정배열,15,0.64,0,0,0,0,20260520,2026-05-20 15:50:24
261780,차백신연구소,25,WATCH_ONLY,25,46.65,10,정배열,15,0.89,0,0,0,0,20260520,2026-05-20 15:50:24
036710,심텍홀딩스,25,WATCH_ONLY,25,48.43,10,정배열,15,0.42,0,0,0,0,20260520,2026-05-20 15:50:24
033780,KT&G,24,WATCH_ONLY,24,54.33,5,정배열,15,1.11,4,0,0,0,20260520,2026-05-20 15:50:24
005930,삼성전자,24,WATCH_ONLY,24,62.71,5,정배열,15,1.11,4,0,0,0,20260520,2026-05-20 15:50:24
000660,SK하이닉스,24,WATCH_ONLY,24,64.95,5,정배열,15,1.03,4,0,0,0,20260520,2026-05-20 15:50:24
079190,케스피온,24,WATCH_ONLY,24,55.75,5,정배열,15,1.15,4,0,0,0,20260520,2026-05-20 15:50:24
310870,디와이씨,24,WATCH_ONLY,24,69.2,5,정배열,15,1.48,4,0,0,0,20260520,2026-05-20 15:50:24
039740,한국정보공학,24,WATCH_ONLY,24,52.39,5,정배열,15,1.04,4,0,0,0,20260520,2026-05-20 15:50:24
222800,심텍,24,WATCH_ONLY,24,61.92,5,정배열,15,1.13,4,0,0,0,20260520,2026-05-20 15:50:24
319660,피에스케이,24,WATCH_ONLY,24,58.74,5,정배열,15,1.0,4,0,0,0,20260520,2026-05-20 15:50:24
35320K,대덕전자1우,24,WATCH_ONLY,24,63.13,5,정배열,15,1.15,4,0,0,0,20260520,2026-05-20 15:50:24
088790,진도,24,WATCH_ONLY,24,56.92,5,정배열,15,1.16,4,0,0,0,20260520,2026-05-20 15:50:24
069640,한세엠케이,24,WATCH_ONLY,24,50.43,5,정배열,15,1.0,4,0,0,0,20260520,2026-05-20 15:50:24
014910,성문전자,24,WATCH_ONLY,24,65.26,5,정배열,15,1.15,4,0,0,0,20260520,2026-05-20 15:50:24
424760,벨로크,24,WATCH_ONLY,24,36.23,10,역/혼합,4,2.56,10,0,0,0,20260520,2026-05-20 15:50:24
017670,SK텔레콤,24,WATCH_ONLY,24,53.76,5,정배열,15,1.12,4,0,0,0,20260520,2026-05-20 15:50:24
275630,에스에스알,24,WATCH_ONLY,24,52.56,5,정배열,15,1.16,4,0,0,0,20260520,2026-05-20 15:50:24
006260,LS,24,WATCH_ONLY,24,59.55,5,정배열,15,1.12,4,0,0,0,20260520,2026-05-20 15:50:24
096530,씨젠,24,WATCH_ONLY,24,65.0,5,정배열,15,1.07,4,0,0,0,20260520,2026-05-20 15:50:24
095610,테스,24,WATCH_ONLY,24,69.13,5,정배열,15,1.07,4,0,0,0,20260520,2026-05-20 15:50:24
088350,한화생명,24,WATCH_ONLY,24,54.59,5,정배열,15,1.03,4,0,0,0,20260520,2026-05-20 15:50:24
004170,신세계,24,WATCH_ONLY,24,67.16,5,정배열,15,1.0,4,0,0,0,20260520,2026-05-20 15:50:24
001450,현대해상,24,WATCH_ONLY,24,67.28,5,정배열,15,1.48,4,0,0,0,20260520,2026-05-20 15:50:24
144960,뉴파워프라즈마,24,WATCH_ONLY,24,61.5,5,정배열,15,1.3,4,0,0,0,20260520,2026-05-20 15:50:24
046970,우리로,24,WATCH_ONLY,24,48.61,10,역/혼합,4,2.1,10,0,0,0,20260520,2026-05-20 15:50:24
355150,코스텍시스,24,WATCH_ONLY,24,52.28,5,정배열,15,1.34,4,0,0,0,20260520,2026-05-20 15:50:24
332370,아이디피,24,WATCH_ONLY,24,50.18,5,정배열,15,1.32,4,0,0,0,20260520,2026-05-20 15:50:24
194700,노바렉스,24,WATCH_ONLY,24,65.09,5,정배열,15,1.48,4,0,0,0,20260520,2026-05-20 15:50:24
007070,GS리테일,24,WATCH_ONLY,24,56.84,5,정배열,15,1.11,4,0,0,0,20260520,2026-05-20 15:50:24
406820,뷰티스킨,24,WATCH_ONLY,24,56.09,5,정배열,15,1.47,4,0,0,0,20260520,2026-05-20 15:50:24
192440,슈피겐코리아,24,WATCH_ONLY,24,63.69,5,정배열,15,1.07,4,0,0,0,20260520,2026-05-20 15:50:24
260970,에스앤디,24,WATCH_ONLY,24,64.22,5,정배열,15,1.13,4,0,0,0,20260520,2026-05-20 15:50:24
001740,SK네트웍스,24,WATCH_ONLY,24,64.56,5,정배열,15,1.26,4,0,0,0,20260520,2026-05-20 15:50:24
187790,나노,24,WATCH_ONLY,24,64.35,5,정배열,15,1.11,4,0,0,0,20260520,2026-05-20 15:50:24
321260,프로이천,24,WATCH_ONLY,24,58.03,5,정배열,15,1.07,4,0,0,0,20260520,2026-05-20 15:50:24
041930,SY동아,24,WATCH_ONLY,24,54.78,5,정배열,15,1.17,4,0,0,0,20260520,2026-05-20 15:50:24
052900,KX하이텍,24,WATCH_ONLY,24,67.45,5,정배열,15,1.35,4,0,0,0,20260520,2026-05-20 15:50:24
072950,빛샘전자,24,WATCH_ONLY,24,50.61,5,정배열,15,1.46,4,0,0,0,20260520,2026-05-20 15:50:24
321370,센서뷰,24,WATCH_ONLY,24,50.24,5,정배열,15,1.02,4,0,0,0,20260520,2026-05-20 15:50:24
066620,국보디자인,24,WATCH_ONLY,24,50.27,5,정배열,15,1.38,4,0,0,0,20260520,2026-05-20 15:50:24
007330,푸른저축은행,24,WATCH_ONLY,24,56.36,5,정배열,15,1.24,4,0,0,0,20260520,2026-05-20 15:50:24
002960,한국쉘석유,24,WATCH_ONLY,24,62.16,5,정배열,15,1.1,4,0,0,0,20260520,2026-05-20 15:50:24
093050,LF,24,WATCH_ONLY,24,41.84,10,역/혼합,4,2.45,10,0,0,0,20260520,2026-05-20 15:50:24
049080,기가레인,24,WATCH_ONLY,24,38.44,10,역/혼합,4,2.7,10,0,0,0,20260520,2026-05-20 15:50:24
187870,디바이스,24,WATCH_ONLY,24,58.73,5,정배열,15,1.12,4,0,0,0,20260520,2026-05-20 15:50:24
062970,한국첨단소재,24,WATCH_ONLY,24,45.91,10,역/혼합,4,2.51,10,0,0,0,20260520,2026-05-20 15:50:24
402340,SK스퀘어,24,WATCH_ONLY,24,60.64,5,정배열,15,1.01,4,0,0,0,20260520,2026-05-20 15:50:24
012330,현대모비스,24,WATCH_ONLY,24,56.0,5,정배열,15,1.34,4,0,0,0,20260520,2026-05-20 15:50:24
298690,에어부산,24,WATCH_ONLY,24,42.26,10,역/혼합,4,2.19,10,0,0,0,20260520,2026-05-20 15:50:24
066570,LG전자,24,WATCH_ONLY,24,57.04,5,정배열,15,1.19,4,0,0,0,20260520,2026-05-20 15:50:24
092220,KEC,23,WATCH_ONLY,23,29.84,15,역/혼합,4,1.24,4,0,0,0,20260520,2026-05-20 15:50:24
018700,졸스,23,WATCH_ONLY,23,66.64,5,역/혼합,8,16.71,10,0,0,0,20260520,2026-05-20 15:50:24
002420,세기상사,23,WATCH_ONLY,23,64.97,5,역/혼합,8,3.38,10,0,0,0,20260520,2026-05-20 15:50:24
478440,미래에셋비전스팩6호,23,WATCH_ONLY,23,60.4,5,역/혼합,8,4.23,10,0,0,0,20260520,2026-05-20 15:50:24
478110,이베스트스팩6호,23,WATCH_ONLY,23,54.87,5,역/혼합,8,2.13,10,0,0,0,20260520,2026-05-20 15:50:24
225430,케이엠제약,23,WATCH_ONLY,23,61.91,5,역/혼합,8,6.59,10,0,0,0,20260520,2026-05-20 15:50:24
472230,에스케이증권제11호스팩,23,WATCH_ONLY,23,57.26,5,역/혼합,8,3.21,10,0,0,0,20260520,2026-05-20 15:50:24
021880,메이슨캐피탈,23,WATCH_ONLY,23,66.94,5,역/혼합,8,9.58,10,0,0,0,20260520,2026-05-20 15:50:24
035000,HS애드,22,WATCH_ONLY,22,20.3,15,역/혼합,0,1.92,7,0,0,0,20260520,2026-05-20 15:50:24
019180,티에이치엔,22,WATCH_ONLY,22,40.43,10,역/혼합,8,1.22,4,0,0,0,20260520,2026-05-20 15:50:24
131180,딜리,22,WATCH_ONLY,22,13.82,15,역/혼합,0,1.92,7,0,0,0,20260520,2026-05-20 15:50:24
000270,기아,22,WATCH_ONLY,22,41.39,10,역/혼합,8,1.11,4,0,0,0,20260520,2026-05-20 15:50:24
001620,케이비아이동국실업,22,WATCH_ONLY,22,18.37,15,역/혼합,0,1.84,7,0,0,0,20260520,2026-05-20 15:50:24
363280,티와이홀딩스,22,WATCH_ONLY,22,22.47,15,역/혼합,0,1.74,7,0,0,0,20260520,2026-05-20 15:50:24
069510,에스텍,22,WATCH_ONLY,22,27.32,15,역/혼합,0,1.72,7,0,0,0,20260520,2026-05-20 15:50:24
009150,삼성전기,22,WATCH_ONLY,22,77.36,0,정배열,15,1.92,7,0,0,0,20260520,2026-05-20 15:50:24
007110,일신석재,22,WATCH_ONLY,22,24.82,15,역/혼합,0,1.61,7,0,0,0,20260520,2026-05-20 15:50:24
432980,엠에프씨,22,WATCH_ONLY,22,15.09,15,역/혼합,0,1.96,7,0,0,0,20260520,2026-05-20 15:50:24
036530,SNT홀딩스,22,WATCH_ONLY,22,22.86,15,역/혼합,0,1.56,7,0,0,0,20260520,2026-05-20 15:50:24
290560,파라택시스이더리움,22,WATCH_ONLY,22,26.17,15,역/혼합,0,1.59,7,0,0,0,20260520,2026-05-20 15:50:24
001940,KISCO홀딩스,22,WATCH_ONLY,22,23.17,15,역/혼합,0,1.51,7,0,0,0,20260520,2026-05-20 15:50:24
145270,케이탑리츠,22,WATCH_ONLY,22,14.74,15,역/혼합,0,1.65,7,0,0,0,20260520,2026-05-20 15:50:24
000220,유유제약,22,WATCH_ONLY,22,26.84,15,역/혼합,0,1.52,7,0,0,0,20260520,2026-05-20 15:50:24
090850,현대이지웰,22,WATCH_ONLY,22,26.54,15,역/혼합,0,1.8,7,0,0,0,20260520,2026-05-20 15:50:24
008500,일정실업,22,WATCH_ONLY,22,28.98,15,역/혼합,0,1.58,7,0,0,0,20260520,2026-05-20 15:50:24
180640,한진칼,22,WATCH_ONLY,22,43.84,10,역/혼합,8,1.06,4,0,0,0,20260520,2026-05-20 15:50:24
079000,와토스코리아,22,WATCH_ONLY,22,21.72,15,역/혼합,0,1.89,7,0,0,0,20260520,2026-05-20 15:50:24
131290,티에스이,22,WATCH_ONLY,22,76.59,0,정배열,15,1.97,7,0,0,0,20260520,2026-05-20 15:50:24
052790,액토즈소프트,22,WATCH_ONLY,22,25.71,15,역/혼합,0,1.62,7,0,0,0,20260520,2026-05-20 15:50:24
029530,신도리코,22,WATCH_ONLY,22,24.6,15,역/혼합,0,1.75,7,0,0,0,20260520,2026-05-20 15:50:24
131100,티엔엔터테인먼트,22,WATCH_ONLY,22,19.27,15,역/혼합,0,1.86,7,0,0,0,20260520,2026-05-20 15:50:24
000145,하이트진로홀딩스우,22,WATCH_ONLY,22,28.94,15,역/혼합,0,1.54,7,0,0,0,20260520,2026-05-20 15:50:24
250000,보라티알,22,WATCH_ONLY,22,29.37,15,역/혼합,0,1.52,7,0,0,0,20260520,2026-05-20 15:50:24
057030,YBM넷,22,WATCH_ONLY,22,22.74,15,역/혼합,0,1.67,7,0,0,0,20260520,2026-05-20 15:50:24
420570,제이투케이바이오,22,WATCH_ONLY,22,73.61,0,정배열,15,1.95,7,0,0,0,20260520,2026-05-20 15:50:24
159580,제로투세븐,22,WATCH_ONLY,22,18.88,15,역/혼합,0,1.65,7,0,0,0,20260520,2026-05-20 15:50:24
084110,휴온스글로벌,22,WATCH_ONLY,22,26.58,15,역/혼합,0,1.53,7,0,0,0,20260520,2026-05-20 15:50:24
352700,씨앤투스,22,WATCH_ONLY,22,25.51,15,역/혼합,0,1.79,7,0,0,0,20260520,2026-05-20 15:50:24
403850,더핑크퐁컴퍼니,22,WATCH_ONLY,22,20.37,15,역/혼합,0,2.0,7,0,0,0,20260520,2026-05-20 15:50:24
352480,씨앤씨인터내셔널,22,WATCH_ONLY,22,23.73,15,역/혼합,0,1.57,7,0,0,0,20260520,2026-05-20 15:50:24
215000,골프존,22,WATCH_ONLY,22,22.53,15,역/혼합,0,1.78,7,0,0,0,20260520,2026-05-20 15:50:24
012790,신일제약,22,WATCH_ONLY,22,24.66,15,역/혼합,0,1.51,7,0,0,0,20260520,2026-05-20 15:50:24
402030,코난테크놀로지,22,WATCH_ONLY,22,25.09,15,역/혼합,0,1.54,7,0,0,0,20260520,2026-05-20 15:50:24
068930,디지털대성,22,WATCH_ONLY,22,45.38,10,역/혼합,8,1.05,4,0,0,0,20260520,2026-05-20 15:50:24
439580,블루엠텍,22,WATCH_ONLY,22,24.0,15,역/혼합,0,1.71,7,0,0,0,20260520,2026-05-20 15:50:24
008930,한미사이언스,22,WATCH_ONLY,22,25.91,15,역/혼합,0,1.66,7,0,0,0,20260520,2026-05-20 15:50:24
328380,솔트웨어,22,WATCH_ONLY,22,13.72,15,역/혼합,0,1.54,7,0,0,0,20260520,2026-05-20 15:50:24
241590,화승엔터프라이즈,22,WATCH_ONLY,22,28.37,15,역/혼합,0,1.65,7,0,0,0,20260520,2026-05-20 15:50:24
003200,일신방직,22,WATCH_ONLY,22,27.39,15,역/혼합,0,1.81,7,0,0,0,20260520,2026-05-20 15:50:24
009620,삼보산업,22,WATCH_ONLY,22,26.94,15,역/혼합,0,1.64,7,0,0,0,20260520,2026-05-20 15:50:24
086790,하나금융지주,21,WATCH_ONLY,21,41.16,10,역/혼합,4,1.51,7,0,0,0,20260520,2026-05-20 15:50:24
007810,코리아써키트,21,WATCH_ONLY,21,49.92,10,역/혼합,4,1.76,7,0,0,0,20260520,2026-05-20 15:50:24
217590,티엠씨,21,WATCH_ONLY,21,47.5,10,역/혼합,4,1.93,7,0,0,0,20260520,2026-05-20 15:50:24
009300,삼아제약,21,WATCH_ONLY,21,34.98,10,역/혼합,4,1.63,7,0,0,0,20260520,2026-05-20 15:50:24
458650,성우,21,WATCH_ONLY,21,49.54,10,역/혼합,4,1.62,7,0,0,0,20260520,2026-05-20 15:50:24
336570,원텍,21,WATCH_ONLY,21,46.01,10,역/혼합,4,1.53,7,0,0,0,20260520,2026-05-20 15:50:24
000155,두산우,21,WATCH_ONLY,21,37.63,10,역/혼합,4,1.69,7,0,0,0,20260520,2026-05-20 15:50:24
025530,SJM홀딩스,21,WATCH_ONLY,21,41.14,10,역/혼합,4,1.51,7,0,0,0,20260520,2026-05-20 15:50:24
001420,태원물산,21,WATCH_ONLY,21,36.04,10,역/혼합,4,1.54,7,0,0,0,20260520,2026-05-20 15:50:24
012610,경인양행,20,WATCH_ONLY,20,60.25,5,정배열,15,0.7,0,0,0,0,20260520,2026-05-20 15:50:24
473000,에스케이증권제12호스팩,20,WATCH_ONLY,20,47.71,10,역/혼합,0,2.23,10,0,0,0,20260520,2026-05-20 15:50:24
0072Z0,KB제33호스팩,20,WATCH_ONLY,20,49.28,10,역/혼합,0,2.95,10,0,0,0,20260520,2026-05-20 15:50:24
012200,계양전기,20,WATCH_ONLY,20,51.36,5,정배열,15,0.21,0,0,0,0,20260520,2026-05-20 15:50:24
0096D0,미래에셋비전스팩9호,20,WATCH_ONLY,20,40.72,10,역/혼합,0,3.37,10,0,0,0,20260520,2026-05-20 15:50:24
474490,유안타제16호스팩,20,WATCH_ONLY,20,53.42,5,정배열,15,0.18,0,0,0,0,20260520,2026-05-20 15:50:24
368970,오에스피,20,WATCH_ONLY,20,58.15,5,정배열,15,0.0,0,0,0,0,20260520,2026-05-20 15:50:24
000810,삼성화재,20,WATCH_ONLY,20,66.76,5,정배열,15,0.93,0,0,0,0,20260520,2026-05-20 15:50:24
482680,미래에셋비전스팩7호,20,WATCH_ONLY,20,60.04,5,정배열,15,0.0,0,0,0,0,20260520,2026-05-20 15:50:24
0041J0,엘에스스팩1호,20,WATCH_ONLY,20,44.12,10,역/혼합,0,2.09,10,0,0,0,20260520,2026-05-20 15:50:24
007610,선도전기,20,WATCH_ONLY,20,53.45,5,정배열,15,0.18,0,0,0,0,20260520,2026-05-20 15:50:24
035290,골드앤에스,20,WATCH_ONLY,20,62.87,5,정배열,15,0.0,0,0,0,0,20260520,2026-05-20 15:50:24
032800,판타지오,20,WATCH_ONLY,20,54.61,5,정배열,15,0.54,0,0,0,0,20260520,2026-05-20 15:50:24
065420,에스아이리소스,20,WATCH_ONLY,20,39.45,10,역/혼합,0,2.99,10,0,0,0,20260520,2026-05-20 15:50:24
102460,이연제약,20,WATCH_ONLY,20,55.48,5,정배열,15,0.7,0,0,0,0,20260520,2026-05-20 15:50:24
072020,중앙백신,20,WATCH_ONLY,20,51.47,5,정배열,15,0.64,0,0,0,0,20260520,2026-05-20 15:50:24
348350,위드텍,20,WATCH_ONLY,20,39.92,10,역/혼합,0,4.41,10,0,0,0,20260520,2026-05-20 15:50:24
081180,쎄크,20,WATCH_ONLY,20,40.95,10,역/혼합,0,5.52,10,0,0,0,20260520,2026-05-20 15:50:24
212710,아이에스티이,20,WATCH_ONLY,20,56.73,5,정배열,15,0.45,0,0,0,0,20260520,2026-05-20 15:50:24
044820,코스맥스비티아이,20,WATCH_ONLY,20,52.54,5,정배열,15,0.37,0,0,0,0,20260520,2026-05-20 15:50:24
003650,미창석유,20,WATCH_ONLY,20,51.32,5,정배열,15,0.75,0,0,0,0,20260520,2026-05-20 15:50:24
004150,한솔홀딩스,20,WATCH_ONLY,20,53.87,5,정배열,15,0.83,0,0,0,0,20260520,2026-05-20 15:50:24
383800,LX홀딩스,20,WATCH_ONLY,20,54.37,5,정배열,15,0.93,0,0,0,0,20260520,2026-05-20 15:50:24
048550,SM C&C,20,WATCH_ONLY,20,35.24,10,역/혼합,0,7.12,10,0,0,0,20260520,2026-05-20 15:50:24
298540,더네이쳐홀딩스,20,WATCH_ONLY,20,32.55,10,역/혼합,0,2.09,10,0,0,0,20260520,2026-05-20 15:50:24
052330,코텍,20,WATCH_ONLY,20,50.6,5,정배열,15,0.55,0,0,0,0,20260520,2026-05-20 15:50:24
446540,메가터치,20,WATCH_ONLY,20,64.61,5,정배열,15,0.63,0,0,0,0,20260520,2026-05-20 15:50:24
209640,와이제이링크,20,WATCH_ONLY,20,51.09,5,정배열,15,0.12,0,0,0,0,20260520,2026-05-20 15:50:24
008060,대덕,20,WATCH_ONLY,20,62.52,5,정배열,15,0.6,0,0,0,0,20260520,2026-05-20 15:50:24
357880,SKAI,20,WATCH_ONLY,20,57.09,5,정배열,15,0.77,0,0,0,0,20260520,2026-05-20 15:50:24
054450,텔레칩스,20,WATCH_ONLY,20,52.16,5,정배열,15,0.54,0,0,0,0,20260520,2026-05-20 15:50:24
011560,세보엠이씨,20,WATCH_ONLY,20,61.1,5,정배열,15,0.65,0,0,0,0,20260520,2026-05-20 15:50:24
382800,지앤비에스 에코,20,WATCH_ONLY,20,55.81,5,정배열,15,0.33,0,0,0,0,20260520,2026-05-20 15:50:24
461300,아이스크림미디어,20,WATCH_ONLY,20,54.22,5,정배열,15,0.73,0,0,0,0,20260520,2026-05-20 15:50:24
439090,마녀공장,20,WATCH_ONLY,20,54.42,5,정배열,15,0.44,0,0,0,0,20260520,2026-05-20 15:50:24
064550,바이오니아,20,WATCH_ONLY,20,46.8,10,역/혼합,0,4.33,10,0,0,0,20260520,2026-05-20 15:50:24
418420,라온텍,20,WATCH_ONLY,20,55.12,5,정배열,15,0.48,0,0,0,0,20260520,2026-05-20 15:50:24
03473K,SK우,20,WATCH_ONLY,20,66.38,5,정배열,15,0.74,0,0,0,0,20260520,2026-05-20 15:50:24
092300,현우산업,20,WATCH_ONLY,20,57.3,5,정배열,15,0.65,0,0,0,0,20260520,2026-05-20 15:50:24
147760,피엠티,20,WATCH_ONLY,20,64.66,5,정배열,15,0.9,0,0,0,0,20260520,2026-05-20 15:50:24
168330,내츄럴엔도텍,20,WATCH_ONLY,20,51.25,5,정배열,15,0.39,0,0,0,0,20260520,2026-05-20 15:50:24
037760,쎄니트,20,WATCH_ONLY,20,56.45,5,정배열,15,0.32,0,0,0,0,20260520,2026-05-20 15:50:24
452200,민테크,20,WATCH_ONLY,20,56.69,5,정배열,15,0.49,0,0,0,0,20260520,2026-05-20 15:50:24
227950,엔투텍,20,WATCH_ONLY,20,52.78,5,정배열,15,0.0,0,0,0,0,20260520,2026-05-20 15:50:24
048770,TPC로보틱스,20,WATCH_ONLY,20,53.19,5,정배열,15,1.0,0,0,0,0,20260520,2026-05-20 15:50:24
017650,대림제지,20,WATCH_ONLY,20,55.03,5,정배열,15,0.62,0,0,0,0,20260520,2026-05-20 15:50:24
189330,씨이랩,20,WATCH_ONLY,20,52.22,5,정배열,15,0.25,0,0,0,0,20260520,2026-05-20 15:50:24
232830,아이티센피엔에스,20,WATCH_ONLY,20,50.48,5,정배열,15,0.68,0,0,0,0,20260520,2026-05-20 15:50:24
320000,한울반도체,20,WATCH_ONLY,20,59.07,5,정배열,15,0.14,0,0,0,0,20260520,2026-05-20 15:50:24
112290,와이씨켐,20,WATCH_ONLY,20,53.03,5,정배열,15,0.52,0,0,0,0,20260520,2026-05-20 15:50:24
051360,토비스,20,WATCH_ONLY,20,58.28,5,정배열,15,0.56,0,0,0,0,20260520,2026-05-20 15:50:24
453340,현대그린푸드,20,WATCH_ONLY,20,59.56,5,정배열,15,0.99,0,0,0,0,20260520,2026-05-20 15:50:24
078150,HB테크놀러지,20,WATCH_ONLY,20,52.23,5,정배열,15,0.16,0,0,0,0,20260520,2026-05-20 15:50:24
229640,LS에코에너지,20,WATCH_ONLY,20,50.47,5,정배열,15,0.36,0,0,0,0,20260520,2026-05-20 15:50:24
092460,한라IMS,20,WATCH_ONLY,20,54.73,5,정배열,15,0.4,0,0,0,0,20260520,2026-05-20 15:50:24
007340,DN오토모티브,20,WATCH_ONLY,20,50.28,5,정배열,15,0.42,0,0,0,0,20260520,2026-05-20 15:50:24
281820,케이씨텍,20,WATCH_ONLY,20,53.49,5,정배열,15,0.58,0,0,0,0,20260520,2026-05-20 15:50:24
483650,달바글로벌,20,WATCH_ONLY,20,50.01,5,정배열,15,0.69,0,0,0,0,20260520,2026-05-20 15:50:24
006110,삼아알미늄,20,WATCH_ONLY,20,60.79,5,정배열,15,0.36,0,0,0,0,20260520,2026-05-20 15:50:24
195870,해성디에스,20,WATCH_ONLY,20,53.4,5,정배열,15,0.43,0,0,0,0,20260520,2026-05-20 15:50:24
052860,아이앤씨,20,WATCH_ONLY,20,51.92,5,정배열,15,0.74,0,0,0,0,20260520,2026-05-20 15:50:24
036630,세종텔레콤,20,WATCH_ONLY,20,50.23,5,정배열,15,0.8,0,0,0,0,20260520,2026-05-20 15:50:24
228850,레이언스,20,WATCH_ONLY,20,64.56,5,정배열,15,0.47,0,0,0,0,20260520,2026-05-20 15:50:24
004590,한국가구,20,WATCH_ONLY,20,68.0,5,정배열,15,0.78,0,0,0,0,20260520,2026-05-20 15:50:24
163730,핑거,20,WATCH_ONLY,20,53.56,5,정배열,15,0.45,0,0,0,0,20260520,2026-05-20 15:50:24
143160,아이디스,20,WATCH_ONLY,20,32.5,10,역/혼합,0,2.31,10,0,0,0,20260520,2026-05-20 15:50:24
0099W0,미래에셋비전스팩11호,20,WATCH_ONLY,20,43.14,10,역/혼합,0,3.0,10,0,0,0,20260520,2026-05-20 15:50:24
479880,한국제15호스팩,20,WATCH_ONLY,20,61.73,5,역/혼합,8,1.5,7,0,0,0,20260520,2026-05-20 15:50:24
477340,에이치엠씨제7호스팩,20,WATCH_ONLY,20,52.46,5,정배열,15,0.2,0,0,0,0,20260520,2026-05-20 15:50:24
469880,하나30호스팩,20,WATCH_ONLY,20,60.43,5,정배열,15,0.5,0,0,0,0,20260520,2026-05-20 15:50:24
302430,이노메트리,20,WATCH_ONLY,20,57.81,5,정배열,15,0.4,0,0,0,0,20260520,2026-05-20 15:50:24
016380,KG스틸,20,WATCH_ONLY,20,50.26,5,정배열,15,0.64,0,0,0,0,20260520,2026-05-20 15:50:24
071200,인피니트헬스케어,20,WATCH_ONLY,20,58.44,5,정배열,15,0.97,0,0,0,0,20260520,2026-05-20 15:50:24
166480,코아스템켐온,20,WATCH_ONLY,20,53.91,5,정배열,15,0.34,0,0,0,0,20260520,2026-05-20 15:50:24
005670,푸드웰,20,WATCH_ONLY,20,50.99,5,정배열,15,0.87,0,0,0,0,20260520,2026-05-20 15:50:24
065680,우주일렉트로,20,WATCH_ONLY,20,51.76,5,정배열,15,0.4,0,0,0,0,20260520,2026-05-20 15:50:24
452430,사피엔반도체,20,WATCH_ONLY,20,56.46,5,정배열,15,0.38,0,0,0,0,20260520,2026-05-20 15:50:24
126640,화신정공,20,WATCH_ONLY,20,65.25,5,정배열,15,0.96,0,0,0,0,20260520,2026-05-20 15:50:24
254490,미래반도체,20,WATCH_ONLY,20,54.93,5,정배열,15,0.29,0,0,0,0,20260520,2026-05-20 15:50:24
243070,휴온스,20,WATCH_ONLY,20,65.31,5,정배열,15,0.55,0,0,0,0,20260520,2026-05-20 15:50:24
330860,네패스아크,20,WATCH_ONLY,20,50.74,5,정배열,15,0.56,0,0,0,0,20260520,2026-05-20 15:50:24
356680,엑스게이트,20,WATCH_ONLY,20,54.27,5,정배열,15,0.41,0,0,0,0,20260520,2026-05-20 15:50:24
389500,에스비비테크,20,WATCH_ONLY,20,51.05,5,정배열,15,0.38,0,0,0,0,20260520,2026-05-20 15:50:24
078350,한양디지텍,20,WATCH_ONLY,20,54.91,5,정배열,15,0.65,0,0,0,0,20260520,2026-05-20 15:50:24
332570,PS일렉트로닉스,20,WATCH_ONLY,20,56.64,5,정배열,15,0.32,0,0,0,0,20260520,2026-05-20 15:50:24
010280,아이티센엔텍,20,WATCH_ONLY,20,67.61,5,정배열,15,0.91,0,0,0,0,20260520,2026-05-20 15:50:24
019210,와이지-원,20,WATCH_ONLY,20,64.14,5,정배열,15,0.65,0,0,0,0,20260520,2026-05-20 15:50:24
033160,엠케이전자,20,WATCH_ONLY,20,57.16,5,정배열,15,0.84,0,0,0,0,20260520,2026-05-20 15:50:24
092190,서울바이오시스,20,WATCH_ONLY,20,65.56,5,정배열,15,0.31,0,0,0,0,20260520,2026-05-20 15:50:24
053610,프로텍,20,WATCH_ONLY,20,64.18,5,정배열,15,0.75,0,0,0,0,20260520,2026-05-20 15:50:24
046890,서울반도체,20,WATCH_ONLY,20,50.35,5,정배열,15,0.64,0,0,0,0,20260520,2026-05-20 15:50:24
356860,티엘비,20,WATCH_ONLY,20,54.0,5,정배열,15,0.6,0,0,0,0,20260520,2026-05-20 15:50:24
002810,삼영무역,20,WATCH_ONLY,20,53.2,5,정배열,15,0.87,0,0,0,0,20260520,2026-05-20 15:50:24
383220,F&F,20,WATCH_ONLY,20,54.05,5,정배열,15,0.67,0,0,0,0,20260520,2026-05-20 15:50:24
028670,팬오션,20,WATCH_ONLY,20,52.05,5,정배열,15,0.75,0,0,0,0,20260520,2026-05-20 15:50:24
451700,엔에이치스팩29호,20,WATCH_ONLY,20,57.81,5,정배열,15,0.0,0,0,0,0,20260520,2026-05-20 15:50:24
261200,덴티스,20,WATCH_ONLY,20,36.81,10,역/혼합,0,3.08,10,0,0,0,20260520,2026-05-20 15:50:24
465480,인스피언,20,WATCH_ONLY,20,53.15,5,정배열,15,0.21,0,0,0,0,20260520,2026-05-20 15:50:24
273060,와이즈버즈,20,WATCH_ONLY,20,53.24,5,정배열,15,0.47,0,0,0,0,20260520,2026-05-20 15:50:24
083450,GST,20,WATCH_ONLY,20,55.83,5,정배열,15,0.7,0,0,0,0,20260520,2026-05-20 15:50:24
420770,기가비스,20,WATCH_ONLY,20,64.34,5,정배열,15,0.43,0,0,0,0,20260520,2026-05-20 15:50:24
460470,아이빔테크놀로지,20,WATCH_ONLY,20,54.44,5,정배열,15,0.37,0,0,0,0,20260520,2026-05-20 15:50:24
183300,코미코,20,WATCH_ONLY,20,50.36,5,정배열,15,0.97,0,0,0,0,20260520,2026-05-20 15:50:24
027360,아주IB투자,20,WATCH_ONLY,20,53.85,5,정배열,15,0.42,0,0,0,0,20260520,2026-05-20 15:50:24
012510,더존비즈온,20,WATCH_ONLY,20,58.62,5,정배열,15,0.21,0,0,0,0,20260520,2026-05-20 15:50:24
100790,미래에셋벤처투자,20,WATCH_ONLY,20,52.14,5,정배열,15,0.57,0,0,0,0,20260520,2026-05-20 15:50:24
046390,삼화네트웍스,20,WATCH_ONLY,20,50.18,5,정배열,15,0.0,0,0,0,0,20260520,2026-05-20 15:50:24
335810,프리시젼바이오,20,WATCH_ONLY,20,38.08,10,역/혼합,0,2.76,10,0,0,0,20260520,2026-05-20 15:50:24
066910,손오공,20,WATCH_ONLY,20,61.2,5,정배열,15,0.0,0,0,0,0,20260520,2026-05-20 15:50:24
023530,롯데쇼핑,20,WATCH_ONLY,20,59.92,5,정배열,15,0.93,0,0,0,0,20260520,2026-05-20 15:50:24
065650,하이퍼코퍼레이션,20,WATCH_ONLY,20,55.39,5,정배열,15,0.0,0,0,0,0,20260520,2026-05-20 15:50:24
001230,동국홀딩스,20,WATCH_ONLY,20,62.47,5,정배열,15,0.0,0,0,0,0,20260520,2026-05-20 15:50:24
067310,하나마이크론,20,WATCH_ONLY,20,62.19,5,정배열,15,0.86,0,0,0,0,20260520,2026-05-20 15:50:24
131970,두산테스나,20,WATCH_ONLY,20,62.95,5,정배열,15,0.83,0,0,0,0,20260520,2026-05-20 15:50:24
010170,대한광통신,20,WATCH_ONLY,20,59.39,5,정배열,15,0.71,0,0,0,0,20260520,2026-05-20 15:50:24
178320,서진시스템,20,WATCH_ONLY,20,58.54,5,정배열,15,0.75,0,0,0,0,20260520,2026-05-20 15:50:24
001525,동양우,20,WATCH_ONLY,20,55.76,5,정배열,15,0.9,0,0,0,0,20260520,2026-05-20 15:50:24
032790,엠젠솔루션,20,WATCH_ONLY,20,54.38,5,정배열,15,0.0,0,0,0,0,20260520,2026-05-20 15:50:24
005745,크라운해태홀딩스우,20,WATCH_ONLY,20,42.22,10,역/혼합,0,4.61,10,0,0,0,20260520,2026-05-20 15:50:24
336260,두산퓨얼셀,20,WATCH_ONLY,20,59.66,5,정배열,15,0.5,0,0,0,0,20260520,2026-05-20 15:50:24
000500,가온전선,20,WATCH_ONLY,20,55.16,5,정배열,15,0.67,0,0,0,0,20260520,2026-05-20 15:50:24
036570,NC,20,WATCH_ONLY,20,51.81,5,정배열,15,0.92,0,0,0,0,20260520,2026-05-20 15:50:24
007720,소노스퀘어,20,WATCH_ONLY,20,37.23,10,역/혼합,0,14.6,10,0,0,0,20260520,2026-05-20 15:50:24
440320,오픈놀,20,WATCH_ONLY,20,54.03,5,정배열,15,0.09,0,0,0,0,20260520,2026-05-20 15:50:24
066900,디에이피,20,WATCH_ONLY,20,64.13,5,정배열,15,0.25,0,0,0,0,20260520,2026-05-20 15:50:24
060540,에스에이티,20,WATCH_ONLY,20,55.37,5,정배열,15,0.82,0,0,0,0,20260520,2026-05-20 15:50:24
002900,TYM,20,WATCH_ONLY,20,54.7,5,정배열,15,0.52,0,0,0,0,20260520,2026-05-20 15:50:24
00781K,코리아써키트2우B,20,WATCH_ONLY,20,59.79,5,정배열,15,0.41,0,0,0,0,20260520,2026-05-20 15:50:24
012205,계양전기우,20,WATCH_ONLY,20,52.9,5,정배열,15,0.27,0,0,0,0,20260520,2026-05-20 15:50:24
00806K,대덕1우,20,WATCH_ONLY,20,58.3,5,정배열,15,0.61,0,0,0,0,20260520,2026-05-20 15:50:24
002070,비비안,20,WATCH_ONLY,20,69.64,5,정배열,15,0.75,0,0,0,0,20260520,2026-05-20 15:50:24
002355,넥센타이어1우B,20,WATCH_ONLY,20,33.73,10,역/혼합,0,2.6,10,0,0,0,20260520,2026-05-20 15:50:24
021240,코웨이,20,WATCH_ONLY,20,52.87,5,정배열,15,0.69,0,0,0,0,20260520,2026-05-20 15:50:24
093320,케이아이엔엑스,20,WATCH_ONLY,20,50.1,5,정배열,15,0.79,0,0,0,0,20260520,2026-05-20 15:50:24
353200,대덕전자,20,WATCH_ONLY,20,63.37,5,정배열,15,0.7,0,0,0,0,20260520,2026-05-20 15:50:24
000990,DB하이텍,20,WATCH_ONLY,20,56.33,5,정배열,15,0.67,0,0,0,0,20260520,2026-05-20 15:50:24
006340,대원전선,20,WATCH_ONLY,20,55.17,5,정배열,15,0.14,0,0,0,0,20260520,2026-05-20 15:50:24
064400,LG씨엔에스,20,WATCH_ONLY,20,50.48,5,정배열,15,0.85,0,0,0,0,20260520,2026-05-20 15:50:24
066575,LG전자우,20,WATCH_ONLY,20,53.64,5,정배열,15,0.7,0,0,0,0,20260520,2026-05-20 15:50:24
076610,해성옵틱스,20,WATCH_ONLY,20,57.75,5,정배열,15,0.25,0,0,0,0,20260520,2026-05-20 15:50:24
339950,아이비김영,20,WATCH_ONLY,20,59.56,5,정배열,15,0.68,0,0,0,0,20260520,2026-05-20 15:50:24
090460,비에이치,20,WATCH_ONLY,20,53.07,5,정배열,15,0.79,0,0,0,0,20260520,2026-05-20 15:50:24
000370,한화손해보험,20,WATCH_ONLY,20,57.55,5,역/혼합,8,1.87,7,0,0,0,20260520,2026-05-20 15:50:24
412350,레이저쎌,20,WATCH_ONLY,20,59.37,5,정배열,15,0.44,0,0,0,0,20260520,2026-05-20 15:50:24
039830,오로라,20,WATCH_ONLY,20,51.18,5,정배열,15,0.43,0,0,0,0,20260520,2026-05-20 15:50:24
078890,가온그룹,20,WATCH_ONLY,20,54.74,5,정배열,15,1.0,0,0,0,0,20260520,2026-05-20 15:50:24
240550,동방메디컬,20,WATCH_ONLY,20,60.86,5,정배열,15,0.68,0,0,0,0,20260520,2026-05-20 15:50:24
323350,다원넥스뷰,20,WATCH_ONLY,20,62.75,5,정배열,15,0.5,0,0,0,0,20260520,2026-05-20 15:50:24
024800,유성티엔에스,20,WATCH_ONLY,20,55.65,5,정배열,15,0.55,0,0,0,0,20260520,2026-05-20 15:50:24
214320,이노션,20,WATCH_ONLY,20,57.26,5,정배열,15,0.79,0,0,0,0,20260520,2026-05-20 15:50:24
192080,더블유게임즈,20,WATCH_ONLY,20,62.94,5,정배열,15,0.73,0,0,0,0,20260520,2026-05-20 15:50:24
115160,휴맥스,20,WATCH_ONLY,20,50.78,5,정배열,15,0.19,0,0,0,0,20260520,2026-05-20 15:50:24
023790,동일스틸럭스,20,WATCH_ONLY,20,59.0,5,정배열,15,0.0,0,0,0,0,20260520,2026-05-20 15:50:24
096690,에이루트,20,WATCH_ONLY,20,59.21,5,정배열,15,0.0,0,0,0,0,20260520,2026-05-20 15:50:24
900310,컬러레이,20,WATCH_ONLY,20,54.65,5,정배열,15,0.0,0,0,0,0,20260520,2026-05-20 15:50:24
063760,이엘피,20,WATCH_ONLY,20,53.47,5,정배열,15,0.43,0,0,0,0,20260520,2026-05-20 15:50:24
047080,한빛소프트,20,WATCH_ONLY,20,61.18,5,정배열,15,0.82,0,0,0,0,20260520,2026-05-20 15:50:24
121890,에스디시스템,20,WATCH_ONLY,20,67.46,5,정배열,15,0.69,0,0,0,0,20260520,2026-05-20 15:50:24
272450,진에어,20,WATCH_ONLY,20,34.35,10,역/혼합,0,7.26,10,0,0,0,20260520,2026-05-20 15:50:24
02826K,삼성물산우B,20,WATCH_ONLY,20,50.21,5,정배열,15,0.83,0,0,0,0,20260520,2026-05-20 15:50:24
013000,세우글로벌,20,WATCH_ONLY,20,58.88,5,정배열,15,0.24,0,0,0,0,20260520,2026-05-20 15:50:24
006345,대원전선우,20,WATCH_ONLY,20,54.37,5,정배열,15,0.26,0,0,0,0,20260520,2026-05-20 15:50:24
009140,경인전자,20,WATCH_ONLY,20,57.14,5,정배열,15,0.35,0,0,0,0,20260520,2026-05-20 15:50:24
003060,에이프로젠바이오로직스,20,WATCH_ONLY,20,62.56,5,정배열,15,0.48,0,0,0,0,20260520,2026-05-20 15:50:24
037710,광주신세계,20,WATCH_ONLY,20,40.14,10,역/혼합,0,2.32,10,0,0,0,20260520,2026-05-20 15:50:24
023960,에쓰씨엔지니어링,20,WATCH_ONLY,20,38.94,10,역/혼합,0,2.09,10,0,0,0,20260520,2026-05-20 15:50:24
085310,엔케이,20,WATCH_ONLY,20,55.25,5,정배열,15,0.0,0,0,0,0,20260520,2026-05-20 15:50:24
007460,에이프로젠,20,WATCH_ONLY,20,62.69,5,정배열,15,0.26,0,0,0,0,20260520,2026-05-20 15:50:24
003230,삼양식품,20,WATCH_ONLY,20,53.37,5,정배열,15,0.74,0,0,0,0,20260520,2026-05-20 15:50:24
053060,세동,20,WATCH_ONLY,20,58.4,5,정배열,15,0.21,0,0,0,0,20260520,2026-05-20 15:50:24
032680,소프트센,20,WATCH_ONLY,20,59.34,5,정배열,15,0.0,0,0,0,0,20260520,2026-05-20 15:50:24
058450,한주에이알티,20,WATCH_ONLY,20,64.59,5,정배열,15,0.22,0,0,0,0,20260520,2026-05-20 15:50:24
091970,나노캠텍,20,WATCH_ONLY,20,59.56,5,정배열,15,0.0,0,0,0,0,20260520,2026-05-20 15:50:24
276730,한울앤제주,20,WATCH_ONLY,20,56.41,5,정배열,15,0.25,0,0,0,0,20260520,2026-05-20 15:50:24
028260,삼성물산,20,WATCH_ONLY,20,52.69,5,정배열,15,0.83,0,0,0,0,20260520,2026-05-20 15:50:24
032830,삼성생명,20,WATCH_ONLY,20,66.96,5,정배열,15,0.88,0,0,0,0,20260520,2026-05-20 15:50:24
005380,현대차,20,WATCH_ONLY,20,50.86,5,정배열,15,0.88,0,0,0,0,20260520,2026-05-20 15:50:24
005935,삼성전자우,20,WATCH_ONLY,20,56.29,5,정배열,15,0.98,0,0,0,0,20260520,2026-05-20 15:50:24
498390,한화플러스제5호스팩,20,WATCH_ONLY,20,53.2,5,정배열,15,0.06,0,0,0,0,20260520,2026-05-20 15:50:24
009155,삼성전기우,20,WATCH_ONLY,20,67.69,5,정배열,15,0.82,0,0,0,0,20260520,2026-05-20 15:50:24
212560,네오오토,20,WATCH_ONLY,20,68.01,5,정배열,15,0.44,0,0,0,0,20260520,2026-05-20 15:50:24
142210,유니트론텍,20,WATCH_ONLY,20,53.5,5,정배열,15,0.41,0,0,0,0,20260520,2026-05-20 15:50:24
396300,세아메카닉스,20,WATCH_ONLY,20,50.72,5,정배열,15,0.32,0,0,0,0,20260520,2026-05-20 15:50:24
041520,이엘씨,20,WATCH_ONLY,20,57.69,5,정배열,15,0.19,0,0,0,0,20260520,2026-05-20 15:50:24
192410,오늘이엔엠,20,WATCH_ONLY,20,52.38,5,정배열,15,0.38,0,0,0,0,20260520,2026-05-20 15:50:24
172670,에이엘티,20,WATCH_ONLY,20,52.29,5,정배열,15,0.44,0,0,0,0,20260520,2026-05-20 15:50:24
357230,에이치피오,20,WATCH_ONLY,20,50.42,5,정배열,15,0.21,0,0,0,0,20260520,2026-05-20 15:50:24
227610,아우딘퓨쳐스,20,WATCH_ONLY,20,60.78,5,정배열,15,0.0,0,0,0,0,20260520,2026-05-20 15:50:24
307950,현대오토에버,20,WATCH_ONLY,20,54.78,5,정배열,15,0.72,0,0,0,0,20260520,2026-05-20 15:50:24
018620,우진비앤지,20,WATCH_ONLY,20,54.66,5,정배열,15,0.0,0,0,0,0,20260520,2026-05-20 15:50:24
137940,넥스트아이,20,WATCH_ONLY,20,53.9,5,정배열,15,0.0,0,0,0,0,20260520,2026-05-20 15:50:24
001460,BYC,20,WATCH_ONLY,20,31.65,10,역/혼합,0,2.4,10,0,0,0,20260520,2026-05-20 15:50:24
036420,콘텐트리중앙,20,WATCH_ONLY,20,46.56,10,역/혼합,0,3.5,10,0,0,0,20260520,2026-05-20 15:50:24
001020,페이퍼코리아,20,WATCH_ONLY,20,53.35,5,정배열,15,0.0,0,0,0,0,20260520,2026-05-20 15:50:24
002450,삼익악기,20,WATCH_ONLY,20,66.88,5,정배열,15,0.88,0,0,0,0,20260520,2026-05-20 15:50:24
33626K,두산퓨얼셀1우,20,WATCH_ONLY,20,50.82,5,정배열,15,0.38,0,0,0,0,20260520,2026-05-20 15:50:24
084670,동양고속,20,WATCH_ONLY,20,55.63,5,역/혼합,8,1.82,7,0,0,0,20260520,2026-05-20 15:50:24
469480,IBKS제24호스팩,20,WATCH_ONLY,20,64.66,5,정배열,15,0.39,0,0,0,0,20260520,2026-05-20 15:50:24
